1	в	в	ADP	_	_	_	_	_	@pvv1934m-words#@pvv1934m#19.99#20.552
2	эфире	эфир	NOUN	_	Animacy=Inan|Case=Loc|Gender=Masc|Number=Sing	_	_	_	@pvv1934m-words#@pvv1934m#20.552#21.114
3	программа	программа	NOUN	_	Animacy=Inan|Case=Nom|Gender=Fem|Number=Sing	_	_	_	@pvv1934m-words#@pvv1934m#21.114#21.676
4	Познер	Познер	PROPN	_	Animacy=Anim|Case=Nom|Gender=Masc|Number=Sing	_	_	_	@pvv1934m-words#@pvv1934m#21.676#22.238
5	/	/	PUNCT	_	_	_	_	_	@pvv1934m-words#@pvv1934m#22.238#22.8
6	/	/	PUNCT	_	_	_	_	_	@pvv1934m-words#@pvv1934m#22.8#23.345
7	гость	гость	NOUN	_	Animacy=Inan|Case=Nom|Gender=Fem|Number=Sing	_	_	_	@pvv1934m-words#@pvv1934m#23.345#23.89
8	программы	программа	NOUN	_	Animacy=Inan|Case=Gen|Gender=Fem|Number=Sing	_	_	_	@pvv1934m-words#@pvv1934m#23.89#24.435
9	Рената	Рената	PROPN	_	Animacy=Anim|Case=Nom|Gender=Fem|Number=Sing	_	_	_	@pvv1934m-words#@pvv1934m#24.435#24.98
10	Литвинова	Литвинова	PROPN	_	Animacy=Anim|Case=Gen|Gender=Fem|Number=Sing	_	_	_	@pvv1934m-words#@pvv1934m#24.98#25.525
11	/	/	PUNCT	_	_	_	_	_	@pvv1934m-words#@pvv1934m#25.525#26.07
12	режиссер	режиссер	NOUN	_	Animacy=Anim|Case=Nom|Gender=Masc|Number=Sing	_	_	_	@pvv1934m-words#@pvv1934m#26.07#26.442
13	/	/	PUNCT	_	_	_	_	_	@pvv1934m-words#@pvv1934m#26.442#26.814
14	сценарист	сценарист	NOUN	_	Animacy=Anim|Case=Nom|Gender=Masc|Number=Sing	_	_	_	@pvv1934m-words#@pvv1934m#26.814#27.186
15	/	/	PUNCT	_	_	_	_	_	@pvv1934m-words#@pvv1934m#27.186#27.558
16	актриса	актриса	NOUN	_	Animacy=Inan|Case=Gen|Gender=Fem|Number=Sing	_	_	_	@pvv1934m-words#@pvv1934m#27.558#27.93
17	/	/	PUNCT	_	_	_	_	_	@pvv1934m-words#@pvv1934m#27.93#28.302
18	здрасьте	здрасьте	INTJR	_	_	_	_	_	@pvv1934m-words#@pvv1934m#28.302#28.674
19	/	/	PUNCT	_	_	_	_	_	@pvv1934m-words#@pvv1934m#28.674#29.05
20	как	как	ADV	_	Degree=Pos	_	_	_	@pvv1934m-words#@pvv1934m#30.38#30.601
21	вам	вы	PRON	_	Case=Dat|Number=Plur|Person=2	_	_	_	@pvv1934m-words#@pvv1934m#30.601#30.822
22	погода	погода	NOUN	_	Animacy=Inan|Case=Nom|Gender=Fem|Number=Sing	_	_	_	@pvv1934m-words#@pvv1934m#30.822#31.043
23	сегодня	сегодня	ADV	_	Degree=Pos	_	_	_	@pvv1934m-words#@pvv1934m#31.043#31.264
24	ну	ну	PART	_	_	_	_	_	@rml1967f-words#@rml1967f#32.29#32.538
25	да	да	PART	_	_	_	_	_	@rml1967f-words#@rml1967f#32.538#32.786
26	/	/	PUNCT	_	_	_	_	_	@rml1967f-words#@rml1967f#32.786#33.034
27	такая	такой	DET	_	Case=Nom|Gender=Fem|Number=Sing	_	_	_	@rml1967f-words#@rml1967f#33.034#33.282
28	/	/	PUNCT	_	_	_	_	_	@rml1967f-words#@rml1967f#33.282#33.53
29	/	/	PUNCT	_	_	_	_	_	@rml1967f-words#@rml1967f#33.53#33.78
30	одновременно	одновременно	ADV	_	Degree=Pos	_	_	_	@rml1967f-words#@rml1967f#33.78#34.466
31	все	весь	DET	_	Case=Acc|Number=Plur	_	_	_	@rml1967f-words#@rml1967f#34.466#35.152
32	стихии	стихия	NOUN	_	Animacy=Inan|Case=Acc|Gender=Fem|Number=Plur	_	_	_	@rml1967f-words#@rml1967f#35.152#35.84
33	тяжеловато	тяжеловато	ADV	_	_	_	_	_	@rml1967f-words#@rml1967f#35.84#36.43
34	не	не	PART	_	_	_	_	_	@rml1967f-words#@rml1967f#42.81#42.961
35	кстати	кстати	ADV	_	Degree=Pos	_	_	_	@rml1967f-words#@rml1967f#42.961#43.112
36	я	я	PRON	_	Case=Nom|Number=Sing|Person=1	_	_	_	@rml1967f-words#@rml1967f#43.112#43.263
37	не	не	PART	_	_	_	_	_	@rml1967f-words#@rml1967f#43.263#43.414
38	завишу	зависеть	VERB	_	Aspect=Imp|Mood=Ind|Number=Sing|Person=1|Tense=Pres|VerbForm=Fin|Voice=Act	_	_	_	@rml1967f-words#@rml1967f#43.414#43.565
39	от	от	ADP	_	_	_	_	_	@rml1967f-words#@rml1967f#43.565#43.716
40	погоды	погода	NOUN	_	Animacy=Inan|Case=Gen|Gender=Fem|Number=Sing	_	_	_	@rml1967f-words#@rml1967f#43.716#43.867
41	/	/	PUNCT	_	_	_	_	_	@rml1967f-words#@rml1967f#43.867#44.02
42	совсем	совсем	ADV	_	Degree=Pos	_	_	_	@rml1967f-words#@rml1967f#44.96#45.275
43	ну	ну	PART	_	_	_	_	_	@pvv1934m-words#@pvv1934m#49.24#49.812
44	хорошо	хорошо	ADV	_	Degree=Pos	_	_	_	@pvv1934m-words#@pvv1934m#49.812#50.384
45	как-то	как-то	ADV	_	Degree=Pos	_	_	_	@pvv1934m-words#@pvv1934m#51.02#51.484
46	вы	вы	PRON	_	Case=Nom|Number=Plur|Person=2	_	_	_	@pvv1934m-words#@pvv1934m#51.484#51.948
47	сказали	сказать	VERB	_	Aspect=Perf|Mood=Ind|Number=Plur|Tense=Past|VerbForm=Fin|Voice=Act	_	_	_	@pvv1934m-words#@pvv1934m#51.948#52.412
48	такое	такой	DET	_	Case=Acc|Gender=Neut|Number=Sing	_	_	_	@pvv1934m-words#@pvv1934m#52.412#52.876
49	что	что	NOUN	_	Animacy=Inan|Case=Acc|Gender=Neut|Number=Sing	_	_	_	@pvv1934m-words#@pvv1934m#52.876#53.341
50	давать	давать	VERB	_	Aspect=Imp|VerbForm=Inf|Voice=Act	_	_	_	@pvv1934m-words#@pvv1934m#53.341#53.802
51	интервью	интервью	NOUN	_	Animacy=Inan|Case=Acc|Gender=Neut|Number=Sing	_	_	_	@pvv1934m-words#@pvv1934m#53.802#54.263
52	/	/	PUNCT	_	_	_	_	_	@pvv1934m-words#@pvv1934m#54.263#54.724
53	тяжелая	тяжелый	ADJ	_	Case=Nom|Degree=Pos|Gender=Fem|Number=Sing	_	_	_	@pvv1934m-words#@pvv1934m#54.724#55.185
54	необходимость	необходимость	NOUN	_	Animacy=Inan|Case=Nom|Gender=Fem|Number=Sing	_	_	_	@pvv1934m-words#@pvv1934m#55.185#55.646
55	и	и	CCONJ	_	_	_	_	_	@pvv1934m-words#@pvv1934m#55.646#56.107
56	/	/	PUNCT	_	_	_	_	_	@pvv1934m-words#@pvv1934m#56.107#56.568
57	что	что	SCONJ	_	_	_	_	_	@pvv1934m-words#@pvv1934m#56.568#57.029
58	это	это	PRON	_	Animacy=Inan|Case=Nom|Gender=Neut|Number=Sing	_	_	_	@pvv1934m-words#@pvv1934m#57.029#57.49
59	почти	почти	ADV	_	Degree=Pos	_	_	_	@pvv1934m-words#@pvv1934m#57.49#57.951
60	бессмысленно	бессмысленный	ADJ	_	Degree=Pos|Gender=Neut|Number=Sing|Variant=Short	_	_	_	@pvv1934m-words#@pvv1934m#57.951#58.412
61	/	/	PUNCT	_	_	_	_	_	@pvv1934m-words#@pvv1934m#58.412#58.88
62	ну	ну	PART	_	_	_	_	_	@pvv1934m-words#@pvv1934m#65.93#66.185
63	ладно	ладно	PART	_	_	_	_	_	@pvv1934m-words#@pvv1934m#66.185#66.44
64	а	а	CCONJ	_	_	_	_	_	@pvv1934m-words#@pvv1934m#66.44#66.695
65	почему	почему	ADV	_	Degree=Pos	_	_	_	@pvv1934m-words#@pvv1934m#66.695#66.95
66	быссмысленно	быссмысленно	ADJ	_	Degree=Pos|Gender=Neut|Number=Sing|Variant=Short	_	_	_	@pvv1934m-words#@pvv1934m#66.95#67.205
67	?	?	PUNCT	_	_	_	_	_	@pvv1934m-words#@pvv1934m#67.205#67.46
68	вообще	вообще	ADV	_	Degree=Pos	_	_	_	@pvv1934m-words#@pvv1934m#84.57#84.918
69	фильм	фильм	NOUN	_	Animacy=Inan|Case=Nom|Gender=Masc|Number=Sing	_	_	_	@pvv1934m-words#@pvv1934m#84.918#85.266
70	действительно	действительно	ADV	_	Degree=Pos	_	_	_	@pvv1934m-words#@pvv1934m#85.266#85.614
71	вышел	выйти	VERB	_	Aspect=Perf|Gender=Masc|Mood=Ind|Number=Sing|Tense=Past|VerbForm=Fin|Voice=Act	_	_	_	@pvv1934m-words#@pvv1934m#85.614#85.962
72	в	в	ADP	_	_	_	_	_	@pvv1934m-words#@pvv1934m#85.962#86.31
73	прокат	прокат	NOUN	_	Animacy=Inan|Case=Acc|Gender=Masc|Number=Sing	_	_	_	@pvv1934m-words#@pvv1934m#86.31#86.658
74	/	/	PUNCT	_	_	_	_	_	@pvv1934m-words#@pvv1934m#86.658#87.006
75	я	я	PRON	_	Case=Nom|Number=Sing|Person=1	_	_	_	@pvv1934m-words#@pvv1934m#87.006#87.354
76	его	он	PRON	_	Case=Acc|Gender=Masc|Number=Sing|Person=3	_	_	_	@pvv1934m-words#@pvv1934m#87.354#87.702
77	посмотрел	смотреть	VERB	_	Aspect=Perf|Gender=Masc|Mood=Ind|Number=Sing|Tense=Past|VerbForm=Fin|Voice=Act	_	_	_	@pvv1934m-words#@pvv1934m#87.702#88.054
78	ну	ну	PART	_	_	_	_	_	@pvv1934m-words#@pvv1934m#89.355#89.555
79	уж	уж	PART	_	_	_	_	_	@pvv1934m-words#@pvv1934m#89.555#89.755
80	да	да	PART	_	_	_	_	_	@pvv1934m-words#@pvv1934m#92.58#92.858
81	/	/	PUNCT	_	_	_	_	_	@pvv1934m-words#@pvv1934m#92.858#93.136
82	вы	вы	PRON	_	Case=Nom|Number=Plur|Person=2	_	_	_	@pvv1934m-words#@pvv1934m#93.136#93.414
83	ээ	ээ	INTJR	_	_	_	_	_	@pvv1934m-words#@pvv1934m#93.414#93.692
84	/	/	PUNCT	_	_	_	_	_	@pvv1934m-words#@pvv1934m#93.692#93.97
85	режиссер	режиссер	NOUN	_	Animacy=Anim|Case=Nom|Gender=Masc|Number=Sing	_	_	_	@pvv1934m-words#@pvv1934m#93.97#94.248
86	фильма	фильм	NOUN	_	Animacy=Inan|Case=Gen|Gender=Masc|Number=Sing	_	_	_	@pvv1934m-words#@pvv1934m#94.248#94.526
87	/	/	PUNCT	_	_	_	_	_	@pvv1934m-words#@pvv1934m#94.526#94.804
88	вы	вы	PRON	_	Case=Nom|Number=Plur|Person=2	_	_	_	@pvv1934m-words#@pvv1934m#94.804#95.082
89	сценарист	сценарист	NOUN	_	Animacy=Anim|Case=Nom|Gender=Masc|Number=Sing	_	_	_	@pvv1934m-words#@pvv1934m#95.082#95.36
90	фильма	фильм	NOUN	_	Animacy=Inan|Case=Gen|Gender=Masc|Number=Sing	_	_	_	@pvv1934m-words#@pvv1934m#95.36#95.638
91	/	/	PUNCT	_	_	_	_	_	@pvv1934m-words#@pvv1934m#95.638#95.916
92	вы	вы	PRON	_	Case=Nom|Number=Plur|Person=2	_	_	_	@pvv1934m-words#@pvv1934m#95.916#96.194
93	играете	играть	VERB	_	Aspect=Imp|Mood=Ind|Number=Plur|Person=2|Tense=Pres|VerbForm=Fin|Voice=Act	_	_	_	@pvv1934m-words#@pvv1934m#96.194#96.472
94	главную	главный	ADJ	_	Case=Acc|Degree=Pos|Gender=Fem|Number=Sing	_	_	_	@pvv1934m-words#@pvv1934m#96.472#96.75
95	роль	роль	NOUN	_	Animacy=Inan|Case=Acc|Gender=Fem|Number=Sing	_	_	_	@pvv1934m-words#@pvv1934m#96.75#97.028
96	/	/	PUNCT	_	_	_	_	_	@pvv1934m-words#@pvv1934m#97.028#97.306
97	так	так	ADV	_	Degree=Pos	_	_	_	@pvv1934m-words#@pvv1934m#97.306#97.584
98	что	что	SCONJ	_	_	_	_	_	@pvv1934m-words#@pvv1934m#97.584#97.862
99	можно	можно	ADV	_	Degree=Pos	_	_	_	@pvv1934m-words#@pvv1934m#97.862#98.14
100	действительно	действительно	ADV	_	Degree=Pos	_	_	_	@pvv1934m-words#@pvv1934m#98.14#98.418
101	считать	считать	VERB	_	Aspect=Imp|VerbForm=Inf|Voice=Act	_	_	_	@pvv1934m-words#@pvv1934m#98.418#98.696
102	что	что	PRON	_	Case=Acc	_	_	_	@pvv1934m-words#@pvv1934m#98.696#98.974
103	это	это	PRON	_	Animacy=Inan|Case=Acc|Gender=Neut|Number=Sing	_	_	_	@pvv1934m-words#@pvv1934m#98.974#99.252
104	ваша	ваш	DET	_	Case=Nom|Gender=Fem|Number=Sing	_	_	_	@pvv1934m-words#@pvv1934m#99.252#99.53
105	картина	картина	NOUN	_	Animacy=Inan|Case=Nom|Gender=Fem|Number=Sing	_	_	_	@pvv1934m-words#@pvv1934m#99.53#99.808
106	/	/	PUNCT	_	_	_	_	_	@pvv1934m-words#@pvv1934m#99.808#100.086
107	так	так	ADV	_	Degree=Pos	_	_	_	@pvv1934m-words#@pvv1934m#100.086#100.364
108	сказать	сказать	VERB	_	Aspect=Perf|VerbForm=Inf|Voice=Act	_	_	_	@pvv1934m-words#@pvv1934m#100.364#100.642
109	вот	вот	PART	_	_	_	_	_	@pvv1934m-words#@pvv1934m#100.642#100.92
110	насколько	насколько	ADV	_	Degree=Pos	_	_	_	@pvv1934m-words#@pvv1934m#100.92#101.198
111	это	это	PRON	_	Animacy=Inan|Case=Nom|Gender=Neut|Number=Sing	_	_	_	@pvv1934m-words#@pvv1934m#101.198#101.476
112	может	мочь	VERB	_	Aspect=Imp|Mood=Ind|Number=Sing|Person=3|Tense=Pres|VerbForm=Fin|Voice=Act	_	_	_	@pvv1934m-words#@pvv1934m#101.476#101.754
113	быть	быть	AUX	_	Aspect=Imp|VerbForm=Inf|Voice=Act	_	_	_	@pvv1934m-words#@pvv1934m#101.754#102.032
114	картина	картина	NOUN	_	Animacy=Inan|Case=Nom|Gender=Fem|Number=Sing	_	_	_	@pvv1934m-words#@pvv1934m#102.032#102.31
115	одного	один	NUM	_	Case=Gen|Gender=Masc	_	_	_	@pvv1934m-words#@pvv1934m#102.31#102.588
116	человека	человек	NOUN	_	Animacy=Anim|Case=Gen|Gender=Masc|Number=Sing	_	_	_	@pvv1934m-words#@pvv1934m#102.588#102.866
117	то	то	DET	_	Case=Acc|Gender=Neut|Number=Sing	_	_	_	@pvv1934m-words#@pvv1934m#102.866#103.144
118	это	это	PRON	_	Animacy=Inan|Case=Acc|Gender=Neut|Number=Sing	_	_	_	@pvv1934m-words#@pvv1934m#103.144#103.422
119	ваша	ваш	DET	_	Case=Nom|Gender=Fem|Number=Sing	_	_	_	@pvv1934m-words#@pvv1934m#103.422#103.7
120	картина	картина	NOUN	_	Animacy=Inan|Case=Nom|Gender=Fem|Number=Sing	_	_	_	@pvv1934m-words#@pvv1934m#103.7#104.008
121	ага	ага	NOUN	_	Animacy=Inan|Case=Gen|Gender=Masc|Number=Sing	_	_	_	@pvv1934m-words#@pvv1934m#112.129#112.517
122	ну	ну	PART	_	_	_	_	_	@pvv1934m-words#@pvv1934m#112.517#112.905
123	правильно	правильно	ADV	_	Degree=Pos	_	_	_	@pvv1934m-words#@pvv1934m#112.905#113.293
124	/	/	PUNCT	_	_	_	_	_	@pvv1934m-words#@pvv1934m#113.293#113.681
125	так	так	ADV	_	Degree=Pos	_	_	_	@pvv1934m-words#@pvv1934m#113.681#114.069
126	вот	вот	PART	_	_	_	_	_	@pvv1934m-words#@pvv1934m#114.069#114.457
127	у	у	ADP	_	_	_	_	_	@pvv1934m-words#@pvv1934m#114.457#114.845
128	меня	я	PRON	_	Case=Gen|Number=Sing|Person=1	_	_	_	@pvv1934m-words#@pvv1934m#114.845#115.233
129	такой	такой	DET	_	Case=Nom|Gender=Masc|Number=Sing	_	_	_	@pvv1934m-words#@pvv1934m#115.233#115.621
130	вопрос	вопрос	NOUN	_	Animacy=Inan|Case=Nom|Gender=Masc|Number=Sing	_	_	_	@pvv1934m-words#@pvv1934m#115.621#116.009
131	/	/	PUNCT	_	_	_	_	_	@pvv1934m-words#@pvv1934m#116.009#116.397
132	значит	значить	VERB	_	Aspect=Imp|Mood=Ind|Number=Sing|Person=3|Tense=Pres|VerbForm=Fin|Voice=Act	_	_	_	@pvv1934m-words#@pvv1934m#116.397#116.785
133	вы	вы	PRON	_	Case=Nom|Number=Plur|Person=2	_	_	_	@pvv1934m-words#@pvv1934m#116.785#117.173
134	в	в	ADP	_	_	_	_	_	@pvv1934m-words#@pvv1934m#117.173#117.561
135	этом	этот	DET	_	Case=Loc|Gender=Masc|Number=Sing	_	_	_	@pvv1934m-words#@pvv1934m#117.561#117.949
136	фильме	фильм	NOUN	_	Animacy=Inan|Case=Loc|Gender=Masc|Number=Sing	_	_	_	@pvv1934m-words#@pvv1934m#117.949#118.337
137	играете	играть	VERB	_	Aspect=Imp|Mood=Ind|Number=Plur|Person=2|Tense=Pres|VerbForm=Fin|Voice=Act	_	_	_	@pvv1934m-words#@pvv1934m#118.337#118.725
138	медсестру	медсестра	NOUN	_	Animacy=Inan|Case=Acc|Gender=Fem|Number=Sing	_	_	_	@pvv1934m-words#@pvv1934m#118.725#119.113
139	/	/	PUNCT	_	_	_	_	_	@pvv1934m-words#@pvv1934m#119.113#119.509
140	медработник	медработник	NOUN	_	Animacy=Anim|Case=Nom|Gender=Masc|Number=Sing	_	_	_	@pvv1934m-words#@pvv1934m#119.71#120.069
141	/	/	PUNCT	_	_	_	_	_	@pvv1934m-words#@pvv1934m#120.069#120.428
142	да	да	PART	_	_	_	_	_	@pvv1934m-words#@pvv1934m#120.428#120.787
143	/	/	PUNCT	_	_	_	_	_	@pvv1934m-words#@pvv1934m#120.787#121.146
144	Таня	Таня	PROPN	_	Animacy=Anim|Case=Nom|Gender=Masc|Number=Sing	_	_	_	@pvv1934m-words#@pvv1934m#121.146#121.505
145	неубивка	неубивка	NOUN	_	Animacy=Inan|Case=Nom|Gender=Fem|Number=Sing	_	_	_	@pvv1934m-words#@pvv1934m#121.505#121.864
146	которая	который	PRON	_	Case=Nom	_	_	_	@pvv1934m-words#@pvv1934m#121.864#122.223
147	на	на	ADP	_	_	_	_	_	@pvv1934m-words#@pvv1934m#122.223#122.582
148	самом	самый	ADJ	_	Case=Loc|Degree=Pos|Gender=Neut|Number=Sing	_	_	_	@pvv1934m-words#@pvv1934m#122.582#122.941
149	деле	дело	NOUN	_	Animacy=Inan|Case=Loc|Gender=Neut|Number=Sing	_	_	_	@pvv1934m-words#@pvv1934m#122.941#123.3
150	является	являться	VERB	_	Aspect=Imp|Mood=Ind|Number=Sing|Person=3|Tense=Pres|VerbForm=Fin|Voice=Mid	_	_	_	@pvv1934m-words#@pvv1934m#123.3#123.659
151	смертью	смерть	NOUN	_	Animacy=Inan|Case=Ins|Gender=Fem|Number=Sing	_	_	_	@pvv1934m-words#@pvv1934m#123.659#124.028
152	ну	ну	PART	_	_	_	_	_	@pvv1934m-words#@pvv1934m#171.14#171.457
153	вообще	вообще	ADV	_	Degree=Pos	_	_	_	@pvv1934m-words#@pvv1934m#171.457#171.774
154	/	/	PUNCT	_	_	_	_	_	@pvv1934m-words#@pvv1934m#171.774#172.091
155	тема	тема	NOUN	_	Animacy=Inan|Case=Nom|Gender=Fem|Number=Sing	_	_	_	@pvv1934m-words#@pvv1934m#172.091#172.408
156	смерти	смерть	NOUN	_	Animacy=Inan|Case=Gen|Gender=Fem|Number=Sing	_	_	_	@pvv1934m-words#@pvv1934m#172.408#172.725
157	вас	вы	PRON	_	Case=Gen|Number=Plur|Person=2	_	_	_	@pvv1934m-words#@pvv1934m#172.725#173.042
158	занимает	занимать	VERB	_	Aspect=Imp|Mood=Ind|Number=Sing|Person=3|Tense=Pres|VerbForm=Fin|Voice=Act	_	_	_	@pvv1934m-words#@pvv1934m#173.042#173.359
159	?	?	PUNCT	_	_	_	_	_	@pvv1934m-words#@pvv1934m#173.359#173.678
160	вот	вот	PART	_	_	_	_	_	@pvv1934m-words#@pvv1934m#193.852#194.294
161	вы	вы	PRON	_	Case=Nom|Number=Plur|Person=2	_	_	_	@pvv1934m-words#@pvv1934m#194.294#194.736
162	как-то	как-то	ADV	_	Degree=Pos	_	_	_	@pvv1934m-words#@pvv1934m#194.736#195.178
163	сказали	сказать	VERB	_	Aspect=Perf|Mood=Ind|Number=Plur|Tense=Past|VerbForm=Fin|Voice=Act	_	_	_	@pvv1934m-words#@pvv1934m#195.178#195.62
164	так	так	ADV	_	Degree=Pos	_	_	_	@pvv1934m-words#@pvv1934m#195.62#196.062
165	что	что	SCONJ	_	_	_	_	_	@pvv1934m-words#@pvv1934m#196.062#196.504
166	вы	вы	PRON	_	Case=Nom|Number=Plur|Person=2	_	_	_	@pvv1934m-words#@pvv1934m#196.504#196.946
167	смерти	смерть	NOUN	_	Animacy=Inan|Case=Gen|Gender=Fem|Number=Sing	_	_	_	@pvv1934m-words#@pvv1934m#196.946#197.388
168	не	не	PART	_	_	_	_	_	@pvv1934m-words#@pvv1934m#197.388#197.83
169	боитесь	бояться	VERB	_	Aspect=Imp|Mood=Ind|Number=Plur|Person=2|Tense=Pres|VerbForm=Fin|Voice=Mid	_	_	_	@pvv1934m-words#@pvv1934m#197.83#198.272
170	вы	вы	PRON	_	Case=Nom|Number=Plur|Person=2	_	_	_	@pvv1934m-words#@pvv1934m#198.272#198.714
171	боитесь	бояться	VERB	_	Aspect=Imp|Mood=Ind|Number=Plur|Person=2|Tense=Pres|VerbForm=Fin|Voice=Mid	_	_	_	@pvv1934m-words#@pvv1934m#198.714#199.156
172	бессмертия	бессмертие	NOUN	_	Animacy=Inan|Case=Acc|Gender=Neut|Number=Plur	_	_	_	@pvv1934m-words#@pvv1934m#199.156#199.601
173	вот	вот	PART	_	_	_	_	_	@pvv1934m-words#@pvv1934m#200.169#200.383
174	это	это	PRON	_	Animacy=Inan|Case=Acc|Gender=Neut|Number=Sing	_	_	_	@pvv1934m-words#@pvv1934m#200.383#200.597
175	как	как	SCONJ	_	_	_	_	_	@pvv1934m-words#@pvv1934m#200.597#200.811
176	понимать	понимать	VERB	_	Aspect=Imp|VerbForm=Inf|Voice=Act	_	_	_	@pvv1934m-words#@pvv1934m#200.811#201.025
177	?	?	PUNCT	_	_	_	_	_	@pvv1934m-words#@pvv1934m#201.025#201.239
178	вы	вы	PRON	_	Case=Nom|Number=Plur|Person=2	_	_	_	@pvv1934m-words#@pvv1934m#202.43#202.624
179	на	на	ADP	_	_	_	_	_	@pvv1934m-words#@pvv1934m#202.624#202.818
180	самом	самый	ADJ	_	Case=Loc|Degree=Pos|Gender=Neut|Number=Sing	_	_	_	@pvv1934m-words#@pvv1934m#202.818#203.012
181	деле	дело	NOUN	_	Animacy=Inan|Case=Loc|Gender=Neut|Number=Sing	_	_	_	@pvv1934m-words#@pvv1934m#203.012#203.206
182	ее	она	PRON	_	Case=Gen|Gender=Fem|Number=Sing|Person=3	_	_	_	@pvv1934m-words#@pvv1934m#203.206#203.4
183	не	не	PART	_	_	_	_	_	@pvv1934m-words#@pvv1934m#203.4#203.594
184	боитесь	бояться	VERB	_	Aspect=Imp|Mood=Ind|Number=Plur|Person=2|Tense=Pres|VerbForm=Fin|Voice=Mid	_	_	_	@pvv1934m-words#@pvv1934m#203.594#203.788
185	?	?	PUNCT	_	_	_	_	_	@pvv1934m-words#@pvv1934m#203.788#203.989
186	я	я	PRON	_	Case=Nom|Number=Sing|Person=1	_	_	_	@pvv1934m-words#@pvv1934m#224.24#224.543
187	да	да	PART	_	_	_	_	_	@pvv1934m-words#@pvv1934m#224.543#224.847
188	я	я	PRON	_	Case=Nom|Number=Sing|Person=1	_	_	_	@pvv1934m-words#@pvv1934m#227.148#227.647
189	абсолютно	абсолютно	ADV	_	Degree=Pos	_	_	_	@pvv1934m-words#@pvv1934m#227.647#228.146
190	точно	точно	ADV	_	Degree=Pos	_	_	_	@pvv1934m-words#@pvv1934m#228.146#228.645
191	знаю	знать	VERB	_	Aspect=Imp|Mood=Ind|Number=Sing|Person=1|Tense=Pres|VerbForm=Fin|Voice=Act	_	_	_	@pvv1934m-words#@pvv1934m#228.645#229.144
192	что	что	PRON	_	Case=Nom	_	_	_	@pvv1934m-words#@pvv1934m#229.144#229.647
193	нет	нет	PART	_	_	_	_	_	@pvv1934m-words#@pvv1934m#230.46#230.679
194	нет	нет	PART	_	_	_	_	_	@pvv1934m-words#@pvv1934m#230.679#230.898
195	/	/	PUNCT	_	_	_	_	_	@pvv1934m-words#@pvv1934m#230.898#231.117
196	я	я	PRON	_	Case=Nom|Number=Sing|Person=1	_	_	_	@pvv1934m-words#@pvv1934m#231.117#231.336
197	знаю	знать	VERB	_	Aspect=Imp|Mood=Ind|Number=Sing|Person=1|Tense=Pres|VerbForm=Fin|Voice=Act	_	_	_	@pvv1934m-words#@pvv1934m#231.336#231.555
198	что	что	PRON	_	Case=Nom	_	_	_	@pvv1934m-words#@pvv1934m#231.555#231.774
199	есть	быть	AUX	_	Aspect=Imp|Mood=Ind|Number=Sing|Person=3|Tense=Pres|VerbForm=Fin|Voice=Act	_	_	_	@pvv1934m-words#@pvv1934m#231.774#231.993
200	смерть	смерть	NOUN	_	Animacy=Inan|Case=Nom|Gender=Fem|Number=Sing	_	_	_	@pvv1934m-words#@pvv1934m#231.993#232.212
201	/	/	PUNCT	_	_	_	_	_	@pvv1934m-words#@pvv1934m#232.212#232.431
202	я	я	PRON	_	Case=Nom|Number=Sing|Person=1	_	_	_	@pvv1934m-words#@pvv1934m#232.431#232.65
203	ж	же	PART	_	_	_	_	_	@pvv1934m-words#@pvv1934m#232.65#232.869
204	все-таки	все-таки	PART	_	_	_	_	_	@pvv1934m-words#@pvv1934m#232.869#233.088
205	биолог	биолог	NOUN	_	Animacy=Anim|Case=Nom|Gender=Masc|Number=Sing	_	_	_	@pvv1934m-words#@pvv1934m#233.088#233.307
206	еще	еще	ADV	_	Degree=Pos	_	_	_	@pvv1934m-words#@pvv1934m#233.307#233.526
207	#смеется#	#смеется#	NOUN	_	Animacy=Inan|Case=Gen|Gender=Fem|Number=Sing	_	_	_	@pvv1934m-words#@pvv1934m#233.526#233.745
208	к	к	ADP	_	_	_	_	_	@pvv1934m-words#@pvv1934m#233.745#233.964
209	тому	то	PRON	_	Animacy=Inan|Case=Dat|Gender=Neut|Number=Sing	_	_	_	@pvv1934m-words#@pvv1934m#233.964#234.183
210	же	же	PART	_	_	_	_	_	@pvv1934m-words#@pvv1934m#234.183#234.402
211	/	/	PUNCT	_	_	_	_	_	@pvv1934m-words#@pvv1934m#235.059#235.278
212	я	я	PRON	_	Case=Nom|Number=Sing|Person=1	_	_	_	@pvv1934m-words#@pvv1934m#235.278#235.497
213	ее	она	PRON	_	Case=Gen|Gender=Fem|Number=Sing|Person=3	_	_	_	@pvv1934m-words#@pvv1934m#235.497#235.716
214	не	не	PART	_	_	_	_	_	@pvv1934m-words#@pvv1934m#235.716#235.935
215	боюсь	бояться	VERB	_	Aspect=Imp|Mood=Ind|Number=Sing|Person=1|Tense=Pres|VerbForm=Fin|Voice=Mid	_	_	_	@pvv1934m-words#@pvv1934m#235.935#236.154
216	/	/	PUNCT	_	_	_	_	_	@pvv1934m-words#@pvv1934m#236.154#236.373
217	но	но	CCONJ	_	_	_	_	_	@pvv1934m-words#@pvv1934m#236.373#236.592
218	я	я	PRON	_	Case=Nom|Number=Sing|Person=1	_	_	_	@pvv1934m-words#@pvv1934m#236.592#236.811
219	понимаю	понимать	VERB	_	Aspect=Imp|Mood=Ind|Number=Sing|Person=1|Tense=Pres|VerbForm=Fin|Voice=Act	_	_	_	@pvv1934m-words#@pvv1934m#236.811#237.03
220	что	что	SCONJ	_	_	_	_	_	@pvv1934m-words#@pvv1934m#237.03#237.249
221	это	это	PRON	_	Animacy=Inan|Case=Nom|Gender=Neut|Number=Sing	_	_	_	@pvv1934m-words#@pvv1934m#237.249#237.468
222	конец	конец	NOUN	_	Animacy=Inan|Case=Nom|Gender=Masc|Number=Sing	_	_	_	@pvv1934m-words#@pvv1934m#237.468#237.687
223	/	/	PUNCT	_	_	_	_	_	@pvv1934m-words#@pvv1934m#237.687#237.906
224	для	для	ADP	_	_	_	_	_	@pvv1934m-words#@pvv1934m#237.906#238.125
225	меня	я	PRON	_	Case=Gen|Number=Sing|Person=1	_	_	_	@pvv1934m-words#@pvv1934m#238.125#238.344
226	/	/	PUNCT	_	_	_	_	_	@pvv1934m-words#@pvv1934m#238.344#238.582
227	да	да	PART	_	_	_	_	_	@pvv1934m-words#@pvv1934m#240.22#240.431
228	у	у	ADP	_	_	_	_	_	@pvv1934m-words#@pvv1934m#240.431#240.642
229	меня	я	PRON	_	Case=Gen|Number=Sing|Person=1	_	_	_	@pvv1934m-words#@pvv1934m#240.642#240.853
230	нет	нет	PART	_	_	_	_	_	@pvv1934m-words#@pvv1934m#240.853#241.064
231	никакой	никакой	DET	_	Case=Gen|Gender=Fem|Number=Sing	_	_	_	@pvv1934m-words#@pvv1934m#241.064#241.275
232	души	душа	NOUN	_	Animacy=Inan|Case=Gen|Gender=Fem|Number=Sing	_	_	_	@pvv1934m-words#@pvv1934m#241.275#241.486
233	/	/	PUNCT	_	_	_	_	_	@pvv1934m-words#@pvv1934m#241.486#241.697
234	ни	ни	CCONJ	_	_	_	_	_	@pvv1934m-words#@pvv1934m#241.697#241.908
235	у	у	ADP	_	_	_	_	_	@pvv1934m-words#@pvv1934m#241.908#242.119
236	кого	кто	PRON	_	Case=Gen	_	_	_	@pvv1934m-words#@pvv1934m#242.119#242.33
237	нет	нет	PART	_	_	_	_	_	@pvv1934m-words#@pvv1934m#242.33#242.55
238	на	на	ADP	_	_	_	_	_	@pvv1934m-words#@pvv1934m#243.624#243.86
239	мой	мой	DET	_	Case=Acc|Gender=Masc|Number=Sing	_	_	_	@pvv1934m-words#@pvv1934m#243.86#244.096
240	взгляд	взгляд	NOUN	_	Animacy=Inan|Case=Acc|Gender=Masc|Number=Sing	_	_	_	@pvv1934m-words#@pvv1934m#244.096#244.332
241	/	/	PUNCT	_	_	_	_	_	@pvv1934m-words#@pvv1934m#244.332#244.568
242	но	но	CCONJ	_	_	_	_	_	@pvv1934m-words#@pvv1934m#244.568#244.804
243	это	это	PRON	_	Animacy=Inan|Case=Nom|Gender=Neut|Number=Sing	_	_	_	@pvv1934m-words#@pvv1934m#244.804#245.04
244	не	не	PART	_	_	_	_	_	@pvv1934m-words#@pvv1934m#245.04#245.276
245	важно	важный	ADJ	_	Degree=Pos|Gender=Neut|Number=Sing|Variant=Short	_	_	_	@pvv1934m-words#@pvv1934m#245.276#245.512
246	/	/	PUNCT	_	_	_	_	_	@pvv1934m-words#@pvv1934m#245.512#245.748
247	я	я	PRON	_	Case=Nom|Number=Sing|Person=1	_	_	_	@pvv1934m-words#@pvv1934m#245.748#245.984
248	не	не	PART	_	_	_	_	_	@pvv1934m-words#@pvv1934m#245.984#246.22
249	хочу	хотеть	VERB	_	Aspect=Imp|Mood=Ind|Number=Sing|Person=1|Tense=Pres|VerbForm=Fin|Voice=Act	_	_	_	@pvv1934m-words#@pvv1934m#246.22#246.456
250	ничего	ничто	PRON	_	Case=Gen	_	_	_	@pvv1934m-words#@pvv1934m#246.456#246.692
251	/	/	PUNCT	_	_	_	_	_	@pvv1934m-words#@pvv1934m#246.692#246.928
252	не	не	PART	_	_	_	_	_	@pvv1934m-words#@pvv1934m#246.928#247.164
253	хочу	хотеть	VERB	_	Aspect=Imp|Mood=Ind|Number=Sing|Person=1|Tense=Pres|VerbForm=Fin|Voice=Act	_	_	_	@pvv1934m-words#@pvv1934m#247.164#247.4
254	навязывать	навязать	VERB	_	Aspect=Imp|VerbForm=Inf|Voice=Act	_	_	_	@pvv1934m-words#@pvv1934m#247.4#247.636
255	это	это	PRON	_	Animacy=Inan|Case=Acc|Gender=Neut|Number=Sing	_	_	_	@pvv1934m-words#@pvv1934m#247.636#247.882
256	ну	ну	PART	_	_	_	_	_	@pvv1934m-words#@pvv1934m#249.7#250.036
257	вот	вот	PART	_	_	_	_	_	@pvv1934m-words#@pvv1934m#250.036#250.372
258	оч	оч	NOUN	_	Animacy=Inan|Case=Nom|Gender=Masc|Number=Sing	_	_	_	@pvv1934m-words#@pvv1934m#250.372#250.708
259	хорошо	хорошо	ADV	_	Degree=Pos	_	_	_	@pvv1934m-words#@pvv1934m#250.708#251.047
260	ну	ну	PART	_	_	_	_	_	@pvv1934m-words#@pvv1934m#251.21#251.517
261	на	на	ADP	_	_	_	_	_	@pvv1934m-words#@pvv1934m#251.517#251.824
262	самом	самый	ADJ	_	Case=Loc|Degree=Pos|Gender=Neut|Number=Sing	_	_	_	@pvv1934m-words#@pvv1934m#251.824#252.131
263	деле	дело	NOUN	_	Animacy=Inan|Case=Loc|Gender=Neut|Number=Sing	_	_	_	@pvv1934m-words#@pvv1934m#252.131#252.438
264	/	/	PUNCT	_	_	_	_	_	@pvv1934m-words#@pvv1934m#252.438#252.745
265	это	это	PRON	_	Animacy=Inan|Case=Nom|Gender=Neut|Number=Sing	_	_	_	@pvv1934m-words#@pvv1934m#252.745#253.052
266	вот	вот	PART	_	_	_	_	_	@pvv1934m-words#@pvv1934m#253.052#253.359
267	была	быть	AUX	_	Aspect=Imp|Gender=Fem|Mood=Ind|Number=Sing|Tense=Past|VerbForm=Fin|Voice=Act	_	_	_	@pvv1934m-words#@pvv1934m#253.359#253.666
268	просто	просто	PART	_	_	_	_	_	@pvv1934m-words#@pvv1934m#253.666#253.973
269	красивая	красивый	ADJ	_	Case=Nom|Degree=Pos|Gender=Fem|Number=Sing	_	_	_	@pvv1934m-words#@pvv1934m#253.973#254.28
270	фраза	фраза	NOUN	_	Animacy=Inan|Case=Nom|Gender=Fem|Number=Sing	_	_	_	@pvv1934m-words#@pvv1934m#254.28#254.587
271	что	что	PRON	_	Case=Acc	_	_	_	@pvv1934m-words#@pvv1934m#254.587#254.894
272	вы	вы	PRON	_	Case=Nom|Number=Plur|Person=2	_	_	_	@pvv1934m-words#@pvv1934m#254.894#255.201
273	боитесь	бояться	VERB	_	Aspect=Imp|Mood=Ind|Number=Plur|Person=2|Tense=Pres|VerbForm=Fin|Voice=Mid	_	_	_	@pvv1934m-words#@pvv1934m#255.201#255.508
274	бессмертия	бессмертие	NOUN	_	Animacy=Inan|Case=Nom|Gender=Fem|Number=Sing	_	_	_	@pvv1934m-words#@pvv1934m#255.508#255.815
275	?	?	PUNCT	_	_	_	_	_	@pvv1934m-words#@pvv1934m#255.815#256.122
276	/	/	PUNCT	_	_	_	_	_	@pvv1934m-words#@pvv1934m#256.122#256.436
277	красивая	красивый	ADJ	_	Case=Nom|Degree=Pos|Gender=Fem|Number=Sing	_	_	_	@pvv1934m-words#@pvv1934m#259.697#260.101
278	вообще	вообще	ADV	_	Degree=Pos	_	_	_	@pvv1934m-words#@pvv1934m#260.101#260.505
279	смерть	смерть	NOUN	_	Animacy=Inan|Case=Nom|Gender=Fem|Number=Sing	_	_	_	@pvv1934m-words#@pvv1934m#267.81#268.161
280	это	этот	PRON	_	Animacy=Inan|Case=Nom|Gender=Neut|Number=Sing	_	_	_	@pvv1934m-words#@pvv1934m#268.161#268.512
281	ну	ну	PART	_	_	_	_	_	@pvv1934m-words#@pvv1934m#268.512#268.863
282	то	то	PRON	_	Animacy=Inan|Case=Nom|Gender=Neut|Number=Sing	_	_	_	@pvv1934m-words#@pvv1934m#268.863#269.214
283	куда	куда	ADV	_	Degree=Pos	_	_	_	@pvv1934m-words#@pvv1934m#269.214#269.565
284	мы	мы	PRON	_	Case=Nom|Number=Plur|Person=1	_	_	_	@pvv1934m-words#@pvv1934m#269.565#269.916
285	все	весь	DET	_	Case=Nom|Number=Plur	_	_	_	@pvv1934m-words#@pvv1934m#269.916#270.267
286	идем	идти	VERB	_	Aspect=Imp|Mood=Ind|Number=Plur|Person=1|Tense=Pres|VerbForm=Fin|Voice=Act	_	_	_	@pvv1934m-words#@pvv1934m#270.267#270.618
287	и	и	CCONJ	_	_	_	_	_	@pvv1934m-words#@pvv1934m#270.618#270.969
288	чем	что	PRON	_	Case=Ins	_	_	_	@pvv1934m-words#@pvv1934m#270.969#271.32
289	все	все	PRON	_	Animacy=Inan|Case=Nom|Gender=Neut|Number=Sing	_	_	_	@pvv1934m-words#@pvv1934m#271.32#271.671
290	кончается	кончаться	VERB	_	Aspect=Imp|Mood=Ind|Number=Sing|Person=3|Tense=Pres|VerbForm=Fin|Voice=Mid	_	_	_	@pvv1934m-words#@pvv1934m#271.671#272.022
291	по	по	ADP	_	_	_	_	_	@pvv1934m-words#@pvv1934m#272.022#272.373
292	крайней	крайний	ADJ	_	Case=Dat|Degree=Pos|Gender=Fem|Number=Sing	_	_	_	@pvv1934m-words#@pvv1934m#272.373#272.724
293	мере	мера	NOUN	_	Animacy=Inan|Case=Dat|Gender=Fem|Number=Sing	_	_	_	@pvv1934m-words#@pvv1934m#272.724#273.075
294	на	на	ADP	_	_	_	_	_	@pvv1934m-words#@pvv1934m#273.075#273.426
295	земле	земля	NOUN	_	Animacy=Inan|Case=Loc|Gender=Fem|Number=Sing	_	_	_	@pvv1934m-words#@pvv1934m#273.426#273.777
296	/	/	PUNCT	_	_	_	_	_	@pvv1934m-words#@pvv1934m#273.777#274.128
297	насколько	насколько	SCONJ	_	_	_	_	_	@pvv1934m-words#@pvv1934m#274.128#274.479
298	нам	мы	PRON	_	Case=Dat|Number=Plur|Person=1	_	_	_	@pvv1934m-words#@pvv1934m#274.479#274.83
299	известно	известный	ADJ	_	Degree=Pos|Gender=Neut|Number=Sing|Variant=Short	_	_	_	@pvv1934m-words#@pvv1934m#274.83#275.181
300	/	/	PUNCT	_	_	_	_	_	@pvv1934m-words#@pvv1934m#275.181#275.541
301	да	да	PART	_	_	_	_	_	@pvv1934m-words#@pvv1934m#280.66#280.842
302	/	/	PUNCT	_	_	_	_	_	@pvv1934m-words#@pvv1934m#280.842#281.024
303	если	если	SCONJ	_	_	_	_	_	@pvv1934m-words#@pvv1934m#281.024#281.206
304	есть	быть	VERB	_	Aspect=Imp|Mood=Ind|Number=Sing|Person=3|Tense=Pres|VerbForm=Fin|Voice=Act	_	_	_	@pvv1934m-words#@pvv1934m#281.206#281.388
305	переход	перехода	NOUN	_	Animacy=Inan|Case=Nom|Gender=Masc|Number=Sing	_	_	_	@pvv1934m-words#@pvv1934m#281.388#281.57
306	то	то	SCONJ	_	_	_	_	_	@pvv1934m-words#@pvv1934m#281.57#281.752
307	да	да	PART	_	_	_	_	_	@pvv1934m-words#@pvv1934m#281.752#281.934
308	/	/	PUNCT	_	_	_	_	_	@pvv1934m-words#@pvv1934m#281.934#282.116
309	а	а	CCONJ	_	_	_	_	_	@pvv1934m-words#@pvv1934m#282.116#282.298
310	если	если	SCONJ	_	_	_	_	_	@pvv1934m-words#@pvv1934m#282.298#282.48
311	нет	нет	PART	_	_	_	_	_	@pvv1934m-words#@pvv1934m#282.48#282.662
312	то	то	PRON	_	Animacy=Inan|Case=Nom|Gender=Neut|Number=Sing	_	_	_	@pvv1934m-words#@pvv1934m#282.662#282.844
313	все	все	PRON	_	Animacy=Inan|Case=Nom|Gender=Neut|Number=Sing	_	_	_	@pvv1934m-words#@pvv1934m#282.844#283.026
314	равно	равный	ADJ	_	Degree=Pos|Gender=Neut|Number=Sing|Variant=Short	_	_	_	@pvv1934m-words#@pvv1934m#283.026#283.208
315	так	так	ADV	_	Degree=Pos	_	_	_	@pvv1934m-words#@pvv1934m#283.208#283.39
316	/	/	PUNCT	_	_	_	_	_	@pvv1934m-words#@pvv1934m#283.39#283.572
317	ну	н	PART	_	_	_	_	_	@pvv1934m-words#@pvv1934m#283.572#283.754
318	и	и	PART	_	_	_	_	_	@pvv1934m-words#@pvv1934m#283.754#283.936
319	смотрите	смотреть	VERB	_	Aspect=Imp|Mood=Imp|Number=Plur|Person=2|VerbForm=Fin|Voice=Act	_	_	_	@pvv1934m-words#@pvv1934m#283.936#284.118
320	/	/	PUNCT	_	_	_	_	_	@pvv1934m-words#@pvv1934m#284.118#284.318
321	до	до	ADP	_	_	_	_	_	@pvv1934m-words#@pvv1934m#284.87#285.217
322	этого	это	PRON	_	Animacy=Inan|Case=Gen|Gender=Neut|Number=Sing	_	_	_	@pvv1934m-words#@pvv1934m#285.217#285.564
323	/	/	PUNCT	_	_	_	_	_	@pvv1934m-words#@pvv1934m#285.564#285.911
324	ну	ну	PART	_	_	_	_	_	@pvv1934m-words#@pvv1934m#285.911#286.258
325	/	/	PUNCT	_	_	_	_	_	@pvv1934m-words#@pvv1934m#286.258#286.605
326	почти	почти	ADV	_	Degree=Pos	_	_	_	@pvv1934m-words#@pvv1934m#286.605#286.952
327	у	у	ADP	_	_	_	_	_	@pvv1934m-words#@pvv1934m#286.952#287.299
328	всех	все	PRON	_	Animacy=Anim|Case=Gen|Number=Plur	_	_	_	@pvv1934m-words#@pvv1934m#287.299#287.646
329	/	/	PUNCT	_	_	_	_	_	@pvv1934m-words#@pvv1934m#287.646#287.993
330	не	не	PART	_	_	_	_	_	@pvv1934m-words#@pvv1934m#287.993#288.34
331	у	у	ADP	_	_	_	_	_	@pvv1934m-words#@pvv1934m#288.34#288.687
332	всех	все	PRON	_	Animacy=Anim|Case=Gen|Number=Plur	_	_	_	@pvv1934m-words#@pvv1934m#288.687#289.034
333	/	/	PUNCT	_	_	_	_	_	@pvv1934m-words#@pvv1934m#289.034#289.381
334	но	но	CCONJ	_	_	_	_	_	@pvv1934m-words#@pvv1934m#289.381#289.728
335	почти	почти	ADV	_	Degree=Pos	_	_	_	@pvv1934m-words#@pvv1934m#289.728#290.075
336	у	у	ADP	_	_	_	_	_	@pvv1934m-words#@pvv1934m#290.075#290.422
337	всех	все	PRON	_	Animacy=Anim|Case=Gen|Number=Plur	_	_	_	@pvv1934m-words#@pvv1934m#290.422#290.769
338	/	/	PUNCT	_	_	_	_	_	@pvv1934m-words#@pvv1934m#290.769#291.116
339	аа	а	INTJR	_	_	_	_	_	@pvv1934m-words#@pvv1934m#291.116#291.463
340	/	/	PUNCT	_	_	_	_	_	@pvv1934m-words#@pvv1934m#291.463#291.81
341	наступает	наступать	VERB	_	Aspect=Imp|Mood=Ind|Number=Sing|Person=3|Tense=Pres|VerbForm=Fin|Voice=Act	_	_	_	@pvv1934m-words#@pvv1934m#291.81#292.157
342	старость	старость	NOUN	_	Animacy=Inan|Case=Nom|Gender=Fem|Number=Sing	_	_	_	@pvv1934m-words#@pvv1934m#292.157#292.504
343	/	/	PUNCT	_	_	_	_	_	@pvv1934m-words#@pvv1934m#292.504#292.859
344	некоторые	некоторый	DET	_	Case=Nom|Number=Plur	_	_	_	@pvv1934m-words#@pvv1934m#292.91#293.22
345	умирают	умирать	VERB	_	Aspect=Imp|Mood=Ind|Number=Plur|Person=3|Tense=Pres|VerbForm=Fin|Voice=Act	_	_	_	@pvv1934m-words#@pvv1934m#293.22#293.53
346	молодыми	молодой	ADJ	_	Case=Ins|Degree=Pos|Number=Plur	_	_	_	@pvv1934m-words#@pvv1934m#293.53#293.84
347	/	/	PUNCT	_	_	_	_	_	@pvv1934m-words#@pvv1934m#293.84#294.15
348	но	но	CCONJ	_	_	_	_	_	@pvv1934m-words#@pvv1934m#294.15#294.46
349	все-таки	все-таки	PART	_	_	_	_	_	@pvv1934m-words#@pvv1934m#294.46#294.77
350	чаще	часто	ADV	_	Degree=Cmp	_	_	_	@pvv1934m-words#@pvv1934m#294.77#295.08
351	старость	старость	NOUN	_	Animacy=Inan|Case=Nom|Gender=Fem|Number=Sing	_	_	_	@pvv1934m-words#@pvv1934m#295.08#295.39
352	/	/	PUNCT	_	_	_	_	_	@pvv1934m-words#@pvv1934m#295.39#295.7
353	/	/	PUNCT	_	_	_	_	_	@pvv1934m-words#@pvv1934m#295.7#296.01
354	вот	вот	PART	_	_	_	_	_	@pvv1934m-words#@pvv1934m#296.01#296.32
355	как	как	ADV	_	Degree=Pos	_	_	_	@pvv1934m-words#@pvv1934m#296.32#296.63
356	вы	вы	PRON	_	Case=Nom|Number=Plur|Person=2	_	_	_	@pvv1934m-words#@pvv1934m#296.63#296.94
357	к	к	ADP	_	_	_	_	_	@pvv1934m-words#@pvv1934m#296.94#297.25
358	старости	старость	NOUN	_	Animacy=Inan|Case=Dat|Gender=Fem|Number=Sing	_	_	_	@pvv1934m-words#@pvv1934m#297.25#297.56
359	относитесь	относиться	VERB	_	Aspect=Imp|Mood=Ind|Number=Plur|Person=2|Tense=Pres|VerbForm=Fin|Voice=Mid	_	_	_	@pvv1934m-words#@pvv1934m#297.56#297.87
360	?	?	PUNCT	_	_	_	_	_	@pvv1934m-words#@pvv1934m#297.87#298.18
361	плохо	плохой	ADV	_	Degree=Pos	_	_	_	@pvv1934m-words#@pvv1934m#302.67#302.92
362	?	?	PUNCT	_	_	_	_	_	@pvv1934m-words#@pvv1934m#302.92#303.17
363	/	/	PUNCT	_	_	_	_	_	@rml1967f-words#@rml1967f#30.14#30.41
364	если	если	SCONJ	_	_	_	_	_	@rml1967f-words#@rml1967f#59.556#59.889
365	я	я	PRON	_	Case=Nom|Number=Sing|Person=1	_	_	_	@rml1967f-words#@rml1967f#59.889#60.222
366	себя	себя	PRON	_	Case=Acc	_	_	_	@rml1967f-words#@rml1967f#60.222#60.555
367	за	за	ADP	_	_	_	_	_	@rml1967f-words#@rml1967f#60.555#60.888
368	что-то	что-то	PRON	_	Case=Acc	_	_	_	@rml1967f-words#@rml1967f#60.888#61.221
369	и	и	PART	_	_	_	_	_	@rml1967f-words#@rml1967f#61.221#61.554
370	осуждаю	осуждать	VERB	_	Aspect=Imp|Mood=Ind|Number=Sing|Person=1|Tense=Pres|VerbForm=Fin|Voice=Act	_	_	_	@rml1967f-words#@rml1967f#61.554#61.887
371	то	то	PRON	_	Animacy=Inan|Case=Acc|Gender=Neut|Number=Sing	_	_	_	@rml1967f-words#@rml1967f#61.887#62.22
372	конечно	конечно	ADV	_	Degree=Pos	_	_	_	@rml1967f-words#@rml1967f#62.22#62.553
373	за	за	ADP	_	_	_	_	_	@rml1967f-words#@rml1967f#62.553#62.886
374	эти	этот	DET	_	Case=Acc|Number=Plur	_	_	_	@rml1967f-words#@rml1967f#62.886#63.229
375	интервью	интервью	NOUN	_	Animacy=Inan|Case=Acc|Gender=Neut|Number=Sing	_	_	_	@rml1967f-words#@rml1967f#63.249#64.544
376	но	но	CCONJ	_	_	_	_	_	@rml1967f-words#@rml1967f#64.57#64.844
377	к	к	ADP	_	_	_	_	_	@rml1967f-words#@rml1967f#64.844#65.118
378	вам-то	вай-то	DET	_	Case=Loc|Gender=Masc|Number=Sing	_	_	_	@rml1967f-words#@rml1967f#65.118#65.392
379	это	это	PRON	_	Animacy=Inan|Case=Nom|Gender=Neut|Number=Sing	_	_	_	@rml1967f-words#@rml1967f#65.392#65.666
380	же	же	PART	_	_	_	_	_	@rml1967f-words#@rml1967f#65.666#65.94
381	нет	нет	PART	_	_	_	_	_	@rml1967f-words#@rml1967f#69.226#69.459
382	ну	ну	PART	_	_	_	_	_	@rml1967f-words#@rml1967f#69.459#69.692
383	есть	быть	VERB	_	Aspect=Imp|Mood=Ind|Number=Sing|Person=3|Tense=Pres|VerbForm=Fin|Voice=Act	_	_	_	@rml1967f-words#@rml1967f#69.692#69.925
384	всегда	всегда	ADV	_	Degree=Pos	_	_	_	@rml1967f-words#@rml1967f#69.925#70.158
385	какая-то	какой-то	DET	_	Case=Nom|Gender=Fem|Number=Sing	_	_	_	@rml1967f-words#@rml1967f#70.158#70.391
386	мотивация	мотивация	NOUN	_	Animacy=Inan|Case=Nom|Gender=Fem|Number=Sing	_	_	_	@rml1967f-words#@rml1967f#70.391#70.624
387	/	/	PUNCT	_	_	_	_	_	@rml1967f-words#@rml1967f#70.624#70.857
388	все	все	PRON	_	Animacy=Inan|Case=Nom|Gender=Neut|Number=Sing	_	_	_	@rml1967f-words#@rml1967f#70.857#71.09
389	равно	равный	ADJ	_	Degree=Pos|Gender=Neut|Number=Sing|Variant=Short	_	_	_	@rml1967f-words#@rml1967f#71.09#71.323
390	же	же	PART	_	_	_	_	_	@rml1967f-words#@rml1967f#71.323#71.556
391	/	/	PUNCT	_	_	_	_	_	@rml1967f-words#@rml1967f#71.556#71.789
392	ты	ты	PRON	_	Case=Nom|Number=Sing|Person=2	_	_	_	@rml1967f-words#@rml1967f#71.789#72.022
393	приходишь	приходить	VERB	_	Aspect=Imp|Mood=Ind|Number=Sing|Person=2|Tense=Pres|VerbForm=Fin|Voice=Act	_	_	_	@rml1967f-words#@rml1967f#72.022#72.255
394	там	там	ADV	_	Degree=Pos	_	_	_	@rml1967f-words#@rml1967f#72.255#72.488
395	ради	ради	ADP	_	_	_	_	_	@rml1967f-words#@rml1967f#72.488#72.721
396	какого-то	какой-то	DET	_	Case=Gen|Gender=Neut|Number=Sing	_	_	_	@rml1967f-words#@rml1967f#72.721#72.954
397	дела	дело	NOUN	_	Animacy=Inan|Case=Gen|Gender=Neut|Number=Sing	_	_	_	@rml1967f-words#@rml1967f#72.954#73.198
398	вот	вот	PART	_	_	_	_	_	@rml1967f-words#@rml1967f#73.242#73.546
399	я	я	PRON	_	Case=Nom|Number=Sing|Person=1	_	_	_	@rml1967f-words#@rml1967f#73.546#73.85
400	пришла	прийти	VERB	_	Aspect=Perf|Gender=Fem|Mood=Ind|Number=Sing|Tense=Past|VerbForm=Fin|Voice=Act	_	_	_	@rml1967f-words#@rml1967f#73.85#74.154
401	там	там	ADV	_	Degree=Pos	_	_	_	@rml1967f-words#@rml1967f#74.154#74.461
402	у	у	ADP	_	_	_	_	_	@rml1967f-words#@rml1967f#75.072#75.332
403	меня	я	PRON	_	Case=Gen|Number=Sing|Person=1	_	_	_	@rml1967f-words#@rml1967f#75.332#75.592
404	вышел	выйти	VERB	_	Aspect=Perf|Gender=Masc|Mood=Ind|Number=Sing|Tense=Past|VerbForm=Fin|Voice=Act	_	_	_	@rml1967f-words#@rml1967f#75.592#75.852
405	в	в	ADP	_	_	_	_	_	@rml1967f-words#@rml1967f#75.852#76.112
406	прокат	прокат	NOUN	_	Animacy=Inan|Case=Acc|Gender=Masc|Number=Sing	_	_	_	@rml1967f-words#@rml1967f#76.112#76.372
407	мм	мм	INTJR	_	_	_	_	_	@rml1967f-words#@rml1967f#76.372#76.632
408	фильм	фильм	NOUN	_	Animacy=Inan|Case=Acc|Gender=Masc|Number=Sing	_	_	_	@rml1967f-words#@rml1967f#76.632#76.892
409	это	это	PRON	_	Animacy=Inan|Case=Acc|Gender=Neut|Number=Sing	_	_	_	@rml1967f-words#@rml1967f#77.35#77.551
410	же	же	PART	_	_	_	_	_	@rml1967f-words#@rml1967f#77.551#77.752
411	вот	вот	PART	_	_	_	_	_	@rml1967f-words#@rml1967f#77.752#77.953
412	все-таки	все-таки	PART	_	_	_	_	_	@rml1967f-words#@rml1967f#77.953#78.155
413	надо	надо	ADV	_	Degree=Pos	_	_	_	@rml1967f-words#@rml1967f#78.91#79.189
414	ему	он	PRON	_	Case=Dat|Gender=Masc|Number=Sing|Person=3	_	_	_	@rml1967f-words#@rml1967f#79.189#79.468
415	помогать	помогать	VERB	_	Aspect=Imp|VerbForm=Inf|Voice=Act	_	_	_	@rml1967f-words#@rml1967f#79.468#79.747
416	как-то	как-то	ADV	_	Degree=Pos	_	_	_	@rml1967f-words#@rml1967f#79.747#80.026
417	в	в	ADP	_	_	_	_	_	@rml1967f-words#@rml1967f#80.026#80.305
418	прокате	прокат	NOUN	_	Animacy=Inan|Case=Loc|Gender=Masc|Number=Sing	_	_	_	@rml1967f-words#@rml1967f#80.305#80.588
419	а	а	CCONJ	_	_	_	_	_	@rml1967f-words#@rml1967f#81.02#81.333
420	так	так	ADV	_	Degree=Pos	_	_	_	@rml1967f-words#@rml1967f#81.333#81.646
421	конечно	конечно	ADV	_	Degree=Pos	_	_	_	@rml1967f-words#@rml1967f#81.646#81.959
422	бессмысленно	бессмысленно	ADJ	_	Degree=Pos|Gender=Neut|Number=Sing|Variant=Short	_	_	_	@rml1967f-words#@rml1967f#81.959#82.272
423	мотаться	мотать	VERB	_	Aspect=Imp|VerbForm=Inf|Voice=Mid	_	_	_	@rml1967f-words#@rml1967f#82.272#82.585
424	я	я	PRON	_	Case=Nom|Number=Sing|Person=1	_	_	_	@rml1967f-words#@rml1967f#82.585#82.898
425	считаю	считать	VERB	_	Aspect=Imp|Mood=Ind|Number=Sing|Person=1|Tense=Pres|VerbForm=Fin|Voice=Act	_	_	_	@rml1967f-words#@rml1967f#82.898#83.211
426	что	что	PRON	_	Case=Acc	_	_	_	@rml1967f-words#@rml1967f#83.211#83.524
427	не	не	PART	_	_	_	_	_	@rml1967f-words#@rml1967f#83.524#83.837
428	стоит	стоять	VERB	_	Aspect=Imp|Mood=Ind|Number=Sing|Person=3|Tense=Pres|VerbForm=Fin|Voice=Act	_	_	_	@rml1967f-words#@rml1967f#83.837#84.156
429	спасибо	спасибо	NOUN	_	Animacy=Inan|Case=Acc|Gender=Neut|Number=Sing	_	_	_	@rml1967f-words#@rml1967f#88.06#88.516
430	вам	вы	PRON	_	Case=Dat|Number=Plur|Person=2	_	_	_	@rml1967f-words#@rml1967f#88.516#88.972
431	большое	большой	ADJ	_	Case=Acc|Degree=Pos|Gender=Neut|Number=Sing	_	_	_	@rml1967f-words#@rml1967f#88.972#89.43
432	поддержали	поддержать	VERB	_	Aspect=Perf|Mood=Ind|Number=Plur|Tense=Past|VerbForm=Fin|Voice=Act	_	_	_	@rml1967f-words#@rml1967f#89.78#90.172
433	нас	мы	PRON	_	Case=Acc|Number=Plur|Person=1	_	_	_	@rml1967f-words#@rml1967f#90.172#90.564
434	/	/	PUNCT	_	_	_	_	_	@rml1967f-words#@rml1967f#90.564#90.956
435	рублем	рубль	NOUN	_	Animacy=Inan|Case=Ins|Gender=Masc|Number=Sing	_	_	_	@rml1967f-words#@rml1967f#90.956#91.348
436	что	что	PRON	_	Case=Nom	_	_	_	@rml1967f-words#@rml1967f#91.348#91.74
437	называется	называться	VERB	_	Aspect=Imp|Mood=Ind|Number=Sing|Person=3|Tense=Pres|VerbForm=Fin|Voice=Mid	_	_	_	@rml1967f-words#@rml1967f#91.74#92.132
438	/	/	PUNCT	_	_	_	_	_	@rml1967f-words#@rml1967f#92.132#92.528
439	ну	ну	PART	_	_	_	_	_	@rml1967f-words#@rml1967f#103.68#103.804
440	и	и	CCONJ	_	_	_	_	_	@rml1967f-words#@rml1967f#103.804#103.928
441	еще	еще	ADV	_	Degree=Pos	_	_	_	@rml1967f-words#@rml1967f#103.928#104.052
442	у	у	ADP	_	_	_	_	_	@rml1967f-words#@rml1967f#104.052#104.176
443	меня	я	PRON	_	Case=Gen|Number=Sing|Person=1	_	_	_	@rml1967f-words#@rml1967f#104.176#104.3
444	был	быть	VERB	_	Aspect=Imp|Gender=Masc|Mood=Ind|Number=Sing|Tense=Past|VerbForm=Fin|Voice=Act	_	_	_	@rml1967f-words#@rml1967f#104.3#104.424
445	соратник	соратник	NOUN	_	Animacy=Anim|Case=Nom|Gender=Masc|Number=Sing	_	_	_	@rml1967f-words#@rml1967f#104.424#104.548
446	Земфира	Земфира	PROPN	_	Animacy=Anim|Case=Gen|Gender=Fem|Number=Sing	_	_	_	@rml1967f-words#@rml1967f#104.548#104.672
447	/	/	PUNCT	_	_	_	_	_	@rml1967f-words#@rml1967f#104.672#104.796
448	она	она	PRON	_	Case=Nom|Gender=Fem|Number=Sing|Person=3	_	_	_	@rml1967f-words#@rml1967f#104.796#104.92
449	тоже	тоже	PART	_	_	_	_	_	@rml1967f-words#@rml1967f#104.92#105.044
450	со	с	ADP	_	_	_	_	_	@rml1967f-words#@rml1967f#105.044#105.168
451	мной	я	PRON	_	Case=Ins|Number=Sing|Person=1	_	_	_	@rml1967f-words#@rml1967f#105.168#105.292
452	разделила	разделить	VERB	_	Aspect=Perf|Gender=Fem|Mood=Ind|Number=Sing|Tense=Past|VerbForm=Fin|Voice=Act	_	_	_	@rml1967f-words#@rml1967f#105.292#105.416
453	все	все	PRON	_	Animacy=Inan|Case=Acc|Gender=Neut|Number=Sing	_	_	_	@rml1967f-words#@rml1967f#105.416#105.54
454	/	/	PUNCT	_	_	_	_	_	@rml1967f-words#@rml1967f#105.54#105.664
455	все	весь	DET	_	Case=Acc|Number=Plur	_	_	_	@rml1967f-words#@rml1967f#105.664#105.788
456	трудности	трудность	NOUN	_	Animacy=Inan|Case=Acc|Gender=Fem|Number=Plur	_	_	_	@rml1967f-words#@rml1967f#105.788#105.912
457	я	я	PRON	_	Case=Nom|Number=Sing|Person=1	_	_	_	@rml1967f-words#@rml1967f#105.912#106.036
458	отвечала	отвечать	VERB	_	Aspect=Perf|Gender=Fem|Mood=Ind|Number=Sing|Tense=Past|VerbForm=Fin|Voice=Act	_	_	_	@rml1967f-words#@rml1967f#106.036#106.16
459	за	за	ADP	_	_	_	_	_	@rml1967f-words#@rml1967f#106.16#106.284
460	все	весь	PRON	_	Animacy=Inan|Case=Acc|Gender=Neut|Number=Sing	_	_	_	@rml1967f-words#@rml1967f#106.284#106.408
461	что	что	SCONJ	_	_	_	_	_	@rml1967f-words#@rml1967f#106.408#106.532
462	видно	видно	ADV	_	Degree=Pos	_	_	_	@rml1967f-words#@rml1967f#106.532#106.656
463	/	/	PUNCT	_	_	_	_	_	@rml1967f-words#@rml1967f#106.656#106.78
464	а	а	CCONJ	_	_	_	_	_	@rml1967f-words#@rml1967f#106.78#106.904
465	она	она	PRON	_	Case=Nom|Gender=Fem|Number=Sing|Person=3	_	_	_	@rml1967f-words#@rml1967f#106.904#107.028
466	за	за	ADP	_	_	_	_	_	@rml1967f-words#@rml1967f#107.028#107.152
467	все	все	PRON	_	Animacy=Inan|Case=Acc|Gender=Neut|Number=Sing	_	_	_	@rml1967f-words#@rml1967f#107.152#107.276
468	что	что	PRON	_	Case=Nom	_	_	_	@rml1967f-words#@rml1967f#107.276#107.4
469	слышно	слышно	ADJ	_	Degree=Pos|Gender=Neut|Number=Sing|Variant=Short	_	_	_	@rml1967f-words#@rml1967f#107.4#107.524
470	/	/	PUNCT	_	_	_	_	_	@rml1967f-words#@rml1967f#107.524#107.648
471	/	/	PUNCT	_	_	_	_	_	@rml1967f-words#@rml1967f#107.648#107.772
472	ага	ага	INTJR	_	_	_	_	_	@rml1967f-words#@rml1967f#107.896#108.02
473	/	/	PUNCT	_	_	_	_	_	@rml1967f-words#@rml1967f#108.02#108.144
474	ну	ну	PART	_	_	_	_	_	@rml1967f-words#@rml1967f#108.144#108.268
475	правильно	правильно	ADV	_	Degree=Pos	_	_	_	@rml1967f-words#@rml1967f#108.268#108.392
476	/	/	PUNCT	_	_	_	_	_	@rml1967f-words#@rml1967f#108.392#108.516
477	/	/	PUNCT	_	_	_	_	_	@rml1967f-words#@rml1967f#108.516#108.64
478	так	так	ADV	_	Degree=Pos	_	_	_	@rml1967f-words#@rml1967f#108.64#108.764
479	вот	вот	PART	_	_	_	_	_	@rml1967f-words#@rml1967f#108.764#108.888
480	у	у	ADP	_	_	_	_	_	@rml1967f-words#@rml1967f#108.888#109.012
481	меня	я	PRON	_	Case=Gen|Number=Sing|Person=1	_	_	_	@rml1967f-words#@rml1967f#109.012#109.136
482	такой	такой	DET	_	Case=Nom|Gender=Masc|Number=Sing	_	_	_	@rml1967f-words#@rml1967f#109.136#109.26
483	вопрос	вопрос	NOUN	_	Animacy=Inan|Case=Nom|Gender=Masc|Number=Sing	_	_	_	@rml1967f-words#@rml1967f#109.26#109.384
484	/	/	PUNCT	_	_	_	_	_	@rml1967f-words#@rml1967f#109.384#109.508
485	значит	значить	VERB	_	Aspect=Imp|Mood=Ind|Number=Sing|Person=3|Tense=Pres|VerbForm=Fin|Voice=Act	_	_	_	@rml1967f-words#@rml1967f#109.508#109.632
486	вы	вы	PRON	_	Case=Nom|Number=Plur|Person=2	_	_	_	@rml1967f-words#@rml1967f#109.632#109.756
487	в	в	ADP	_	_	_	_	_	@rml1967f-words#@rml1967f#109.756#109.88
488	этом	этот	DET	_	Case=Loc|Gender=Masc|Number=Sing	_	_	_	@rml1967f-words#@rml1967f#109.88#110.004
489	фильме	фильм	NOUN	_	Animacy=Inan|Case=Loc|Gender=Masc|Number=Sing	_	_	_	@rml1967f-words#@rml1967f#110.004#110.128
490	играете	играть	VERB	_	Aspect=Imp|Mood=Ind|Number=Plur|Person=2|Tense=Pres|VerbForm=Fin|Voice=Act	_	_	_	@rml1967f-words#@rml1967f#110.128#110.252
491	медсестру	медсестра	NOUN	_	Animacy=Anim|Case=Acc|Gender=Fem|Number=Sing	_	_	_	@rml1967f-words#@rml1967f#110.252#110.376
492	/	/	PUNCT	_	_	_	_	_	@rml1967f-words#@rml1967f#110.376#110.5
493	/	/	PUNCT	_	_	_	_	_	@rml1967f-words#@rml1967f#110.5#110.624
494	#одновременно#	#одновременно#	X	_	_	_	_	_	@rml1967f-words#@rml1967f#110.624#110.748
495	которая	который	PRON	_	Case=Nom	_	_	_	@rml1967f-words#@rml1967f#110.748#110.872
496	/	/	PUNCT	_	_	_	_	_	@rml1967f-words#@rml1967f#110.872#110.996
497	ну	ну	PART	_	_	_	_	_	@rml1967f-words#@rml1967f#110.996#111.12
498	медработник	медработник	NOUN	_	Animacy=Anim|Case=Nom|Gender=Masc|Number=Sing	_	_	_	@rml1967f-words#@rml1967f#111.12#111.244
499	да	да	CCONJ	_	_	_	_	_	@rml1967f-words#@rml1967f#111.244#111.385
500	ну	ну	PART	_	_	_	_	_	@rml1967f-words#@rml1967f#118.742#119.539
501	/	/	PUNCT	_	_	_	_	_	@rml1967f-words#@rml1967f#119.539#120.336
502	медработник	медработник	NOUN	_	Animacy=Anim|Case=Nom|Gender=Masc|Number=Sing	_	_	_	@rml1967f-words#@rml1967f#120.336#121.133
503	ну	ну	PART	_	_	_	_	_	@rml1967f-words#@rml1967f#124.89#125.213
504	она	она	PRON	_	Case=Nom|Gender=Fem|Number=Sing|Person=3	_	_	_	@rml1967f-words#@rml1967f#125.213#125.536
505	сначала	сначала	ADV	_	Degree=Pos	_	_	_	@rml1967f-words#@rml1967f#125.536#125.859
506	у	у	ADP	_	_	_	_	_	@rml1967f-words#@rml1967f#125.859#126.182
507	меня	я	PRON	_	Case=Gen|Number=Sing|Person=1	_	_	_	@rml1967f-words#@rml1967f#126.182#126.505
508	такая	такой	DET	_	Case=Nom|Gender=Fem|Number=Sing	_	_	_	@rml1967f-words#@rml1967f#126.505#126.828
509	была	быть	AUX	_	Aspect=Imp|Gender=Fem|Mood=Ind|Number=Sing|Tense=Past|VerbForm=Fin|Voice=Act	_	_	_	@rml1967f-words#@rml1967f#126.828#127.151
510	охотница	охотница	NOUN	_	Animacy=Inan|Case=Nom|Gender=Fem|Number=Sing	_	_	_	@rml1967f-words#@rml1967f#127.151#127.474
511	за	за	ADP	_	_	_	_	_	@rml1967f-words#@rml1967f#127.474#127.801
512	все	все	PRON	_	Animacy=Inan|Case=Nom|Gender=Neut|Number=Sing	_	_	_	@rml1967f-words#@rml1967f#127.94#128.391
513	равно	равный	ADJ	_	Degree=Pos|Gender=Neut|Number=Sing|Variant=Short	_	_	_	@rml1967f-words#@rml1967f#128.391#128.842
514	такое	такой	DET	_	Case=Nom|Gender=Neut|Number=Sing	_	_	_	@rml1967f-words#@rml1967f#128.842#129.293
515	внеземное	внеземной	ADJ	_	Case=Nom|Degree=Pos|Gender=Neut|Number=Sing	_	_	_	@rml1967f-words#@rml1967f#129.293#129.744
516	/	/	PUNCT	_	_	_	_	_	@rml1967f-words#@rml1967f#129.744#130.195
517	существо	существо	NOUN	_	Animacy=Anim|Case=Nom|Gender=Neut|Number=Sing	_	_	_	@rml1967f-words#@rml1967f#130.195#130.646
518	/	/	PUNCT	_	_	_	_	_	@rml1967f-words#@rml1967f#130.646#131.097
519	и	и	CCONJ	_	_	_	_	_	@rml1967f-words#@rml1967f#131.097#131.548
520	если	если	SCONJ	_	_	_	_	_	@rml1967f-words#@rml1967f#131.548#131.999
521	обратиться	обратиться	VERB	_	Aspect=Perf|VerbForm=Inf|Voice=Mid	_	_	_	@rml1967f-words#@rml1967f#131.999#132.45
522	к	к	ADP	_	_	_	_	_	@rml1967f-words#@rml1967f#132.45#132.901
523	каким-то	какой-то	DET	_	Case=Dat|Number=Plur	_	_	_	@rml1967f-words#@rml1967f#132.901#133.352
524	древним	древний	ADJ	_	Case=Dat|Degree=Pos|Number=Plur	_	_	_	@rml1967f-words#@rml1967f#133.352#133.815
525	мифам	миф	NOUN	_	Animacy=Inan|Case=Dat|Gender=Masc|Number=Plur	_	_	_	@rml1967f-words#@rml1967f#133.937#134.315
526	/	/	PUNCT	_	_	_	_	_	@rml1967f-words#@rml1967f#134.315#134.693
527	той	тот	DET	_	Case=Dat|Gender=Fem|Number=Sing	_	_	_	@rml1967f-words#@rml1967f#134.693#135.071
528	же	же	PART	_	_	_	_	_	@rml1967f-words#@rml1967f#135.071#135.449
529	Греции	Греция	PROPN	_	Animacy=Inan|Case=Dat|Gender=Fem|Number=Sing	_	_	_	@rml1967f-words#@rml1967f#135.449#135.827
530	/	/	PUNCT	_	_	_	_	_	@rml1967f-words#@rml1967f#135.827#136.205
531	и	и	CCONJ	_	_	_	_	_	@rml1967f-words#@rml1967f#136.205#136.583
532	ведь	ведь	PART	_	_	_	_	_	@rml1967f-words#@rml1967f#136.583#136.961
533	/	/	PUNCT	_	_	_	_	_	@rml1967f-words#@rml1967f#136.961#137.339
534	они	они	PRON	_	Case=Nom|Number=Plur|Person=3	_	_	_	@rml1967f-words#@rml1967f#137.339#137.717
535	же	же	PART	_	_	_	_	_	@rml1967f-words#@rml1967f#137.717#138.095
536	страстно	страстно	ADV	_	Degree=Pos	_	_	_	@rml1967f-words#@rml1967f#138.095#138.473
537	верили	верить	VERB	_	Aspect=Imp|Mood=Ind|Number=Plur|Tense=Past|VerbForm=Fin|Voice=Act	_	_	_	@rml1967f-words#@rml1967f#138.473#138.851
538	/	/	PUNCT	_	_	_	_	_	@rml1967f-words#@rml1967f#138.851#139.229
539	что	что	SCONJ	_	_	_	_	_	@rml1967f-words#@rml1967f#139.229#139.607
540	эти	этот	DET	_	Case=Nom|Number=Plur	_	_	_	@rml1967f-words#@rml1967f#139.607#139.985
541	боги	бог	NOUN	_	Animacy=Anim|Case=Nom|Gender=Masc|Number=Plur	_	_	_	@rml1967f-words#@rml1967f#139.985#140.363
542	существуют	существовать	VERB	_	Aspect=Imp|Mood=Ind|Number=Plur|Person=3|Tense=Pres|VerbForm=Fin|Voice=Act	_	_	_	@rml1967f-words#@rml1967f#140.363#140.741
543	/	/	PUNCT	_	_	_	_	_	@rml1967f-words#@rml1967f#140.741#141.119
544	а	а	CCONJ	_	_	_	_	_	@rml1967f-words#@rml1967f#141.119#141.497
545	мне	я	PRON	_	Case=Dat|Number=Sing|Person=1	_	_	_	@rml1967f-words#@rml1967f#141.497#141.875
546	кажется	казаться	VERB	_	Aspect=Imp|Mood=Ind|Number=Sing|Person=3|Tense=Pres|VerbForm=Fin|Voice=Mid	_	_	_	@rml1967f-words#@rml1967f#141.875#142.253
547	существуют	существовать	VERB	_	Aspect=Imp|Mood=Ind|Number=Plur|Person=3|Tense=Pres|VerbForm=Fin|Voice=Act	_	_	_	@rml1967f-words#@rml1967f#142.253#142.631
548	/	/	PUNCT	_	_	_	_	_	@rml1967f-words#@rml1967f#142.631#143.009
549	все-таки	все-таки	PART	_	_	_	_	_	@rml1967f-words#@rml1967f#143.009#143.387
550	какие-то	какой-то	DET	_	Case=Nom|Number=Plur	_	_	_	@rml1967f-words#@rml1967f#143.387#143.767
551	ну	ну	PART	_	_	_	_	_	@rml1967f-words#@rml1967f#144.99#145.37
552	какие-то	какой-то	DET	_	Case=Nom|Number=Plur	_	_	_	@rml1967f-words#@rml1967f#145.37#145.75
553	силы	сила	NOUN	_	Animacy=Inan|Case=Nom|Gender=Fem|Number=Plur	_	_	_	@rml1967f-words#@rml1967f#145.75#146.13
554	которые	который	PRON	_	Case=Acc	_	_	_	@rml1967f-words#@rml1967f#146.13#146.51
555	досматривают	досматривать	VERB	_	Aspect=Imp|Mood=Ind|Number=Plur|Person=3|Tense=Pres|VerbForm=Fin|Voice=Act	_	_	_	@rml1967f-words#@rml1967f#146.51#146.89
556	/	/	PUNCT	_	_	_	_	_	@rml1967f-words#@rml1967f#146.89#147.27
557	и	и	CCONJ	_	_	_	_	_	@rml1967f-words#@rml1967f#147.27#147.65
558	это	это	PRON	_	Animacy=Inan|Case=Nom|Gender=Neut|Number=Sing	_	_	_	@rml1967f-words#@rml1967f#147.65#148.03
559	же	же	PART	_	_	_	_	_	@rml1967f-words#@rml1967f#148.03#148.41
560	неслучайно	неслучайно	ADV	_	Degree=Pos	_	_	_	@rml1967f-words#@rml1967f#148.41#148.79
561	такие	такой	DET	_	Case=Nom|Number=Plur	_	_	_	@rml1967f-words#@rml1967f#148.79#149.17
562	древние	древний	ADJ	_	Case=Nom|Degree=Pos|Number=Plur	_	_	_	@rml1967f-words#@rml1967f#149.17#149.55
563	/	/	PUNCT	_	_	_	_	_	@rml1967f-words#@rml1967f#149.55#149.93
564	учения	учение	NOUN	_	Animacy=Inan|Case=Nom|Gender=Neut|Number=Plur	_	_	_	@rml1967f-words#@rml1967f#149.93#150.31
565	о	о	ADP	_	_	_	_	_	@rml1967f-words#@rml1967f#150.31#150.69
566	том	то	PRON	_	Animacy=Inan|Case=Loc|Gender=Neut|Number=Sing	_	_	_	@rml1967f-words#@rml1967f#150.69#151.07
567	что	что	PRON	_	Case=Acc	_	_	_	@rml1967f-words#@rml1967f#151.07#151.45
568	/	/	PUNCT	_	_	_	_	_	@rml1967f-words#@rml1967f#151.45#151.83
569	все-таки	все-таки	PART	_	_	_	_	_	@rml1967f-words#@rml1967f#151.83#152.21
570	душу	душа	NOUN	_	Animacy=Inan|Case=Acc|Gender=Fem|Number=Sing	_	_	_	@rml1967f-words#@rml1967f#152.21#152.59
571	кто-то	кто-то	PRON	_	Case=Nom	_	_	_	@rml1967f-words#@rml1967f#152.59#152.97
572	сопровождает	сопровождать	VERB	_	Aspect=Imp|Mood=Ind|Number=Sing|Person=3|Tense=Pres|VerbForm=Fin|Voice=Act	_	_	_	@rml1967f-words#@rml1967f#152.97#153.35
573	есть	быть	AUX	_	Aspect=Imp|Mood=Ind|Number=Sing|Person=3|Tense=Pres|VerbForm=Fin|Voice=Act	_	_	_	@rml1967f-words#@rml1967f#153.35#153.73
574	же	же	PART	_	_	_	_	_	@rml1967f-words#@rml1967f#153.73#154.11
575	масса	масса	NOUN	_	Animacy=Inan|Case=Nom|Gender=Fem|Number=Sing	_	_	_	@rml1967f-words#@rml1967f#154.11#154.49
576	каких-то	какой-то	DET	_	Case=Gen|Number=Plur	_	_	_	@rml1967f-words#@rml1967f#154.49#154.87
577	примет	принять	NOUN	_	Animacy=Inan|Case=Gen|Gender=Fem|Number=Plur	_	_	_	@rml1967f-words#@rml1967f#154.87#155.25
578	/	/	PUNCT	_	_	_	_	_	@rml1967f-words#@rml1967f#155.25#155.63
579	если	если	SCONJ	_	_	_	_	_	@rml1967f-words#@rml1967f#155.63#156.01
580	/	/	PUNCT	_	_	_	_	_	@rml1967f-words#@rml1967f#156.01#156.39
581	там	там	ADV	_	Degree=Pos	_	_	_	@rml1967f-words#@rml1967f#156.39#156.77
582	перед	перед	ADP	_	_	_	_	_	@rml1967f-words#@rml1967f#156.77#157.15
583	смертью	смерть	NOUN	_	Animacy=Inan|Case=Ins|Gender=Fem|Number=Sing	_	_	_	@rml1967f-words#@rml1967f#157.15#157.53
584	тебе	ты	PRON	_	Case=Dat|Number=Sing|Person=2	_	_	_	@rml1967f-words#@rml1967f#157.53#157.91
585	кто-то	кто-то	PRON	_	Case=Nom	_	_	_	@rml1967f-words#@rml1967f#157.91#158.29
586	снится	сниться	VERB	_	Aspect=Perf|Mood=Ind|Number=Sing|Person=3|Tense=Fut|VerbForm=Fin|Voice=Mid	_	_	_	@rml1967f-words#@rml1967f#158.29#158.67
587	и	и	PART	_	_	_	_	_	@rml1967f-words#@rml1967f#158.67#159.05
588	у	у	ADP	_	_	_	_	_	@rml1967f-words#@rml1967f#159.05#159.43
589	каждого	каждый	DET	_	Case=Gen|Gender=Masc|Number=Sing	_	_	_	@rml1967f-words#@rml1967f#159.43#159.81
590	народа	народ	NOUN	_	Animacy=Inan|Case=Gen|Gender=Masc|Number=Sing	_	_	_	@rml1967f-words#@rml1967f#159.81#160.19
591	какая-то	какой-то	DET	_	Case=Nom|Gender=Fem|Number=Sing	_	_	_	@rml1967f-words#@rml1967f#160.19#160.57
592	своя	свой	DET	_	Case=Nom|Gender=Fem|Number=Sing	_	_	_	@rml1967f-words#@rml1967f#160.57#160.95
593	смерть	смерть	NOUN	_	Animacy=Inan|Case=Nom|Gender=Fem|Number=Sing	_	_	_	@rml1967f-words#@rml1967f#160.95#161.363
594	а	а	CCONJ	_	_	_	_	_	@rml1967f-words#@rml1967f#161.55#161.864
595	у	у	ADP	_	_	_	_	_	@rml1967f-words#@rml1967f#161.864#162.178
596	Феллини	Феллини	PROPN	_	Animacy=Anim|Case=Gen|Gender=Masc|Number=Sing	_	_	_	@rml1967f-words#@rml1967f#162.178#162.492
597	была	быть	AUX	_	Aspect=Imp|Gender=Fem|Mood=Ind|Number=Sing|Tense=Past|VerbForm=Fin|Voice=Act	_	_	_	@rml1967f-words#@rml1967f#162.492#162.806
598	/	/	PUNCT	_	_	_	_	_	@rml1967f-words#@rml1967f#162.806#163.12
599	там	там	ADV	_	Degree=Pos	_	_	_	@rml1967f-words#@rml1967f#163.12#163.434
600	он	он	PRON	_	Case=Nom|Gender=Masc|Number=Sing|Person=3	_	_	_	@rml1967f-words#@rml1967f#163.434#163.748
601	себе	себя	PRON	_	Case=Dat	_	_	_	@rml1967f-words#@rml1967f#163.748#164.062
602	представлял	представлять	VERB	_	Aspect=Imp|Gender=Masc|Mood=Ind|Number=Sing|Tense=Past|VerbForm=Fin|Voice=Act	_	_	_	@rml1967f-words#@rml1967f#164.062#164.376
603	женщину	женщина	NOUN	_	Animacy=Anim|Case=Acc|Gender=Fem|Number=Sing	_	_	_	@rml1967f-words#@rml1967f#164.376#164.69
604	в	в	ADP	_	_	_	_	_	@rml1967f-words#@rml1967f#164.69#165.004
605	красной	красный	ADJ	_	Case=Loc|Degree=Pos|Gender=Fem|Number=Sing	_	_	_	@rml1967f-words#@rml1967f#165.004#165.318
606	комбинации	комбинация	NOUN	_	Animacy=Inan|Case=Loc|Gender=Fem|Number=Sing	_	_	_	@rml1967f-words#@rml1967f#165.318#165.632
607	/	/	PUNCT	_	_	_	_	_	@rml1967f-words#@rml1967f#165.632#165.946
608	то	то	PRON	_	Animacy=Inan|Case=Nom|Gender=Neut|Number=Sing	_	_	_	@rml1967f-words#@rml1967f#165.946#166.26
609	есть	быть	VERB	_	Aspect=Imp|Mood=Ind|Number=Sing|Person=3|Tense=Pres|VerbForm=Fin|Voice=Act	_	_	_	@rml1967f-words#@rml1967f#166.26#166.574
610	каждый	каждый	DET	_	Case=Nom|Gender=Masc|Number=Sing	_	_	_	@rml1967f-words#@rml1967f#166.574#166.888
611	может	мочь	VERB	_	Aspect=Imp|Mood=Ind|Number=Sing|Person=3|Tense=Pres|VerbForm=Fin|Voice=Act	_	_	_	@rml1967f-words#@rml1967f#166.888#167.202
612	себе	себя	PRON	_	Case=Dat	_	_	_	@rml1967f-words#@rml1967f#167.202#167.516
613	навоображать	навоображать	VERB	_	Aspect=Imp|VerbForm=Inf|Voice=Act	_	_	_	@rml1967f-words#@rml1967f#167.516#167.83
614	/	/	PUNCT	_	_	_	_	_	@rml1967f-words#@rml1967f#167.83#168.144
615	и	и	CCONJ	_	_	_	_	_	@rml1967f-words#@rml1967f#168.144#168.458
616	это	это	PRON	_	Animacy=Inan|Case=Nom|Gender=Neut|Number=Sing	_	_	_	@rml1967f-words#@rml1967f#168.458#168.772
617	кстати	кстати	ADV	_	Degree=Pos	_	_	_	@rml1967f-words#@rml1967f#168.772#169.086
618	сбудется	сбыться	VERB	_	Aspect=Perf|Mood=Ind|Number=Sing|Person=3|Tense=Fut|VerbForm=Fin|Voice=Mid	_	_	_	@rml1967f-words#@rml1967f#169.086#169.412
619	ну	ну	PART	_	_	_	_	_	@rml1967f-words#@rml1967f#173.678#173.955
620	а	а	CCONJ	_	_	_	_	_	@rml1967f-words#@rml1967f#173.955#174.232
621	как	как	ADV	_	Degree=Pos	_	_	_	@rml1967f-words#@rml1967f#174.232#174.509
622	она	она	PRON	_	Case=Nom|Gender=Fem|Number=Sing|Person=3	_	_	_	@rml1967f-words#@rml1967f#174.509#174.786
623	может	мочь	VERB	_	Aspect=Imp|Mood=Ind|Number=Sing|Person=3|Tense=Pres|VerbForm=Fin|Voice=Act	_	_	_	@rml1967f-words#@rml1967f#174.786#175.063
624	не	не	PART	_	_	_	_	_	@rml1967f-words#@rml1967f#175.063#175.34
625	занимать	занимать	VERB	_	Aspect=Imp|VerbForm=Inf|Voice=Act	_	_	_	@rml1967f-words#@rml1967f#175.34#175.617
626	?	?	PUNCT	_	_	_	_	_	@rml1967f-words#@rml1967f#175.617#175.894
627	/	/	PUNCT	_	_	_	_	_	@rml1967f-words#@rml1967f#175.894#176.171
628	она	она	PRON	_	Case=Nom|Gender=Fem|Number=Sing|Person=3	_	_	_	@rml1967f-words#@rml1967f#176.171#176.448
629	же	же	PART	_	_	_	_	_	@rml1967f-words#@rml1967f#176.448#176.725
630	/	/	PUNCT	_	_	_	_	_	@rml1967f-words#@rml1967f#176.725#177.002
631	она	она	PRON	_	Case=Nom|Gender=Fem|Number=Sing|Person=3	_	_	_	@rml1967f-words#@rml1967f#177.002#177.279
632	же	же	PART	_	_	_	_	_	@rml1967f-words#@rml1967f#177.279#177.556
633	приходит	приходить	VERB	_	Aspect=Imp|Mood=Ind|Number=Sing|Person=3|Tense=Pres|VerbForm=Fin|Voice=Act	_	_	_	@rml1967f-words#@rml1967f#177.556#177.833
634	к	к	ADP	_	_	_	_	_	@rml1967f-words#@rml1967f#177.833#178.11
635	каждому	каждый	DET	_	Case=Dat|Gender=Masc|Number=Sing	_	_	_	@rml1967f-words#@rml1967f#178.11#178.387
636	человеку	человек	NOUN	_	Animacy=Anim|Case=Dat|Gender=Masc|Number=Sing	_	_	_	@rml1967f-words#@rml1967f#178.387#178.673
637	я	я	PRON	_	Case=Nom|Number=Sing|Person=1	_	_	_	@rml1967f-words#@rml1967f#179.01#179.292
638	все	весь	DET	_	Case=Acc|Gender=Neut|Number=Sing	_	_	_	@rml1967f-words#@rml1967f#179.292#179.574
639	время	время	NOUN	_	Animacy=Inan|Case=Acc|Gender=Neut|Number=Sing	_	_	_	@rml1967f-words#@rml1967f#179.574#179.856
640	говорю	говорить	VERB	_	Aspect=Imp|Mood=Ind|Number=Sing|Person=1|Tense=Pres|VerbForm=Fin|Voice=Act	_	_	_	@rml1967f-words#@rml1967f#179.856#180.138
641	все	весь	DET	_	Case=Nom|Number=Plur	_	_	_	@rml1967f-words#@rml1967f#180.138#180.42
642	мы	мы	PRON	_	Case=Nom|Number=Plur|Person=1	_	_	_	@rml1967f-words#@rml1967f#180.42#180.702
643	будущие	будущий	ADJ	_	Case=Nom|Degree=Pos|Number=Plur	_	_	_	@rml1967f-words#@rml1967f#180.702#180.984
644	мертвые	мертвый	ADJ	_	Case=Nom|Degree=Pos|Number=Plur	_	_	_	@rml1967f-words#@rml1967f#180.984#181.266
645	/	/	PUNCT	_	_	_	_	_	@rml1967f-words#@rml1967f#181.266#181.548
646	/	/	PUNCT	_	_	_	_	_	@rml1967f-words#@rml1967f#181.548#181.83
647	и	и	CCONJ	_	_	_	_	_	@rml1967f-words#@rml1967f#181.83#182.112
648	в	в	ADP	_	_	_	_	_	@rml1967f-words#@rml1967f#182.112#182.394
649	данном	данный	ADJ	_	Case=Loc|Degree=Pos|Gender=Masc|Number=Sing	_	_	_	@rml1967f-words#@rml1967f#182.394#182.676
650	случае	случай	NOUN	_	Animacy=Inan|Case=Loc|Gender=Masc|Number=Sing	_	_	_	@rml1967f-words#@rml1967f#182.676#182.958
651	я	я	PRON	_	Case=Nom|Number=Sing|Person=1	_	_	_	@rml1967f-words#@rml1967f#182.958#183.24
652	как-то	как-то	ADV	_	Degree=Pos	_	_	_	@rml1967f-words#@rml1967f#183.24#183.522
653	не	не	PART	_	_	_	_	_	@rml1967f-words#@rml1967f#183.522#183.804
654	разделаю	разделать	VERB	_	Aspect=Imp|Mood=Ind|Number=Sing|Person=1|Tense=Pres|VerbForm=Fin|Voice=Act	_	_	_	@rml1967f-words#@rml1967f#183.804#184.086
655	/	/	PUNCT	_	_	_	_	_	@rml1967f-words#@rml1967f#184.086#184.368
656	там	там	ADV	_	Degree=Pos	_	_	_	@rml1967f-words#@rml1967f#184.368#184.65
657	/	/	PUNCT	_	_	_	_	_	@rml1967f-words#@rml1967f#184.65#184.932
658	тема	тема	NOUN	_	Animacy=Inan|Case=Nom|Gender=Fem|Number=Sing	_	_	_	@rml1967f-words#@rml1967f#184.932#185.214
659	смерти	смерть	NOUN	_	Animacy=Inan|Case=Gen|Gender=Fem|Number=Sing	_	_	_	@rml1967f-words#@rml1967f#185.214#185.496
660	/	/	PUNCT	_	_	_	_	_	@rml1967f-words#@rml1967f#185.496#185.778
661	тема	тема	NOUN	_	Animacy=Inan|Case=Nom|Gender=Fem|Number=Sing	_	_	_	@rml1967f-words#@rml1967f#185.778#186.06
662	жизни	жизнь	NOUN	_	Animacy=Inan|Case=Gen|Gender=Fem|Number=Sing	_	_	_	@rml1967f-words#@rml1967f#186.06#186.342
663	/	/	PUNCT	_	_	_	_	_	@rml1967f-words#@rml1967f#186.342#186.624
664	это	это	PRON	_	Animacy=Inan|Case=Nom|Gender=Neut|Number=Sing	_	_	_	@rml1967f-words#@rml1967f#186.624#186.906
665	же	же	PART	_	_	_	_	_	@rml1967f-words#@rml1967f#186.906#187.188
666	все	все	PRON	_	Animacy=Inan|Case=Nom|Gender=Neut|Number=Sing	_	_	_	@rml1967f-words#@rml1967f#187.188#187.47
667	очень	очень	ADV	_	Degree=Pos	_	_	_	@rml1967f-words#@rml1967f#187.47#187.752
668	близко	близко	ADJ	_	Degree=Pos|Gender=Neut|Number=Sing|Variant=Short	_	_	_	@rml1967f-words#@rml1967f#187.752#188.034
669	/	/	PUNCT	_	_	_	_	_	@rml1967f-words#@rml1967f#188.034#188.316
670	это	это	PRON	_	Animacy=Inan|Case=Nom|Gender=Neut|Number=Sing	_	_	_	@rml1967f-words#@rml1967f#188.316#188.598
671	же	же	PART	_	_	_	_	_	@rml1967f-words#@rml1967f#188.598#188.88
672	/	/	PUNCT	_	_	_	_	_	@rml1967f-words#@rml1967f#188.88#189.162
673	как	как	SCONJ	_	_	_	_	_	@rml1967f-words#@rml1967f#189.162#189.444
674	сказать	сказать	VERB	_	Aspect=Perf|VerbForm=Inf|Voice=Act	_	_	_	@rml1967f-words#@rml1967f#189.444#189.726
675	/	/	PUNCT	_	_	_	_	_	@rml1967f-words#@rml1967f#189.726#190.008
676	мы	мы	PRON	_	Case=Nom|Number=Plur|Person=1	_	_	_	@rml1967f-words#@rml1967f#190.008#190.29
677	все	все	DET	_	Case=Nom|Number=Plur	_	_	_	@rml1967f-words#@rml1967f#190.29#190.572
678	обречены	обречь	VERB	_	Aspect=Perf|Number=Plur|Tense=Past|Variant=Short|VerbForm=Part|Voice=Pass	_	_	_	@rml1967f-words#@rml1967f#190.572#190.854
679	потом	потом	ADV	_	Degree=Pos	_	_	_	@rml1967f-words#@rml1967f#190.854#191.136
680	/	/	PUNCT	_	_	_	_	_	@rml1967f-words#@rml1967f#191.136#191.418
681	изучить	изучить	VERB	_	Aspect=Perf|VerbForm=Inf|Voice=Act	_	_	_	@rml1967f-words#@rml1967f#191.418#191.7
682	эту	этот	DET	_	Case=Acc|Gender=Fem|Number=Sing	_	_	_	@rml1967f-words#@rml1967f#191.7#191.982
683	тему	тема	NOUN	_	Animacy=Inan|Case=Acc|Gender=Fem|Number=Sing	_	_	_	@rml1967f-words#@rml1967f#191.982#192.264
684	поближе	близко	ADV	_	Degree=Cmp	_	_	_	@rml1967f-words#@rml1967f#192.264#192.593
685	ну	ну	PART	_	_	_	_	_	@rml1967f-words#@rml1967f#201.239#201.647
686	это	это	PRON	_	Animacy=Inan|Case=Nom|Gender=Neut|Number=Sing	_	_	_	@rml1967f-words#@rml1967f#201.647#202.055
687	красивая	красивый	ADJ	_	Case=Nom|Degree=Pos|Gender=Fem|Number=Sing	_	_	_	@rml1967f-words#@rml1967f#202.055#202.463
688	фраза	фраза	NOUN	_	Animacy=Inan|Case=Nom|Gender=Fem|Number=Sing	_	_	_	@rml1967f-words#@rml1967f#202.463#202.871
689	/	/	PUNCT	_	_	_	_	_	@rml1967f-words#@rml1967f#202.871#203.279
690	вот	вот	PART	_	_	_	_	_	@rml1967f-words#@rml1967f#204.05#204.322
691	вы	вы	PRON	_	Case=Nom|Number=Plur|Person=2	_	_	_	@rml1967f-words#@rml1967f#204.322#204.594
692	знаете	знать	VERB	_	Aspect=Imp|Mood=Ind|Number=Plur|Person=2|Tense=Pres|VerbForm=Fin|Voice=Act	_	_	_	@rml1967f-words#@rml1967f#204.594#204.866
693	/	/	PUNCT	_	_	_	_	_	@rml1967f-words#@rml1967f#204.866#205.138
694	я	я	PRON	_	Case=Nom|Number=Sing|Person=1	_	_	_	@rml1967f-words#@rml1967f#205.138#205.41
695	на	на	ADP	_	_	_	_	_	@rml1967f-words#@rml1967f#205.41#205.682
696	самом	самый	ADJ	_	Case=Loc|Degree=Pos|Gender=Neut|Number=Sing	_	_	_	@rml1967f-words#@rml1967f#205.682#205.954
697	деле	дело	NOUN	_	Animacy=Inan|Case=Loc|Gender=Neut|Number=Sing	_	_	_	@rml1967f-words#@rml1967f#205.954#206.226
698	пришла	прийти	VERB	_	Aspect=Perf|Gender=Fem|Mood=Ind|Number=Sing|Tense=Past|VerbForm=Fin|Voice=Act	_	_	_	@rml1967f-words#@rml1967f#206.226#206.498
699	к	к	ADP	_	_	_	_	_	@rml1967f-words#@rml1967f#206.498#206.77
700	такому	такой	PRON	_	Case=Dat	_	_	_	@rml1967f-words#@rml1967f#206.77#207.042
701	/	/	PUNCT	_	_	_	_	_	@rml1967f-words#@rml1967f#207.042#207.314
702	как	как	SCONJ	_	_	_	_	_	@rml1967f-words#@rml1967f#207.314#207.586
703	сказать	сказать	VERB	_	Aspect=Perf|VerbForm=Inf|Voice=Act	_	_	_	@rml1967f-words#@rml1967f#207.586#207.858
704	/	/	PUNCT	_	_	_	_	_	@rml1967f-words#@rml1967f#207.858#208.13
705	/	/	PUNCT	_	_	_	_	_	@rml1967f-words#@rml1967f#208.13#208.402
706	состоянию	состояние	NOUN	_	Animacy=Inan|Case=Dat|Gender=Neut|Number=Sing	_	_	_	@rml1967f-words#@rml1967f#208.402#208.674
707	/	/	PUNCT	_	_	_	_	_	@rml1967f-words#@rml1967f#208.674#208.946
708	потому	потому	ADV	_	Degree=Pos	_	_	_	@rml1967f-words#@rml1967f#208.946#209.218
709	что	что	SCONJ	_	_	_	_	_	@rml1967f-words#@rml1967f#209.218#209.49
710	ты	ты	PRON	_	Case=Nom|Number=Sing|Person=2	_	_	_	@rml1967f-words#@rml1967f#209.49#209.762
711	же	же	PART	_	_	_	_	_	@rml1967f-words#@rml1967f#209.762#210.034
712	в	в	ADP	_	_	_	_	_	@rml1967f-words#@rml1967f#210.034#210.306
713	течение	течение	NOUN	_	Animacy=Inan|Case=Acc|Gender=Neut|Number=Sing	_	_	_	@rml1967f-words#@rml1967f#210.306#210.578
714	жизни	жизнь	NOUN	_	Animacy=Inan|Case=Gen|Gender=Fem|Number=Sing	_	_	_	@rml1967f-words#@rml1967f#210.578#210.85
715	/	/	PUNCT	_	_	_	_	_	@rml1967f-words#@rml1967f#210.85#211.122
716	/	/	PUNCT	_	_	_	_	_	@rml1967f-words#@rml1967f#211.122#211.394
717	вот	вот	PART	_	_	_	_	_	@rml1967f-words#@rml1967f#211.394#211.666
718	как	как	SCONJ	_	_	_	_	_	@rml1967f-words#@rml1967f#211.666#211.938
719	дети	ребенок	NOUN	_	Animacy=Anim|Case=Nom|Gender=Masc|Number=Plur	_	_	_	@rml1967f-words#@rml1967f#211.938#212.21
720	/	/	PUNCT	_	_	_	_	_	@rml1967f-words#@rml1967f#212.21#212.482
721	они	они	PRON	_	Case=Nom|Number=Plur|Person=3	_	_	_	@rml1967f-words#@rml1967f#212.482#212.754
722	же	же	PART	_	_	_	_	_	@rml1967f-words#@rml1967f#212.754#213.026
723	думают	думать	VERB	_	Aspect=Imp|Mood=Ind|Number=Plur|Person=3|Tense=Pres|VerbForm=Fin|Voice=Act	_	_	_	@rml1967f-words#@rml1967f#213.026#213.298
724	что	что	PRON	_	Case=Acc	_	_	_	@rml1967f-words#@rml1967f#213.298#213.57
725	они	они	PRON	_	Case=Nom|Number=Plur|Person=3	_	_	_	@rml1967f-words#@rml1967f#213.57#213.842
726	бессмертны	бессмертный	ADJ	_	Degree=Pos|Number=Plur|Variant=Short	_	_	_	@rml1967f-words#@rml1967f#213.842#214.114
727	/	/	PUNCT	_	_	_	_	_	@rml1967f-words#@rml1967f#214.114#214.386
728	они	они	PRON	_	Case=Nom|Number=Plur|Person=3	_	_	_	@rml1967f-words#@rml1967f#214.386#214.658
729	же	же	PART	_	_	_	_	_	@rml1967f-words#@rml1967f#214.658#214.93
730	не	не	PART	_	_	_	_	_	@rml1967f-words#@rml1967f#214.93#215.202
731	думают	думать	VERB	_	Aspect=Imp|Mood=Ind|Number=Plur|Person=3|Tense=Pres|VerbForm=Fin|Voice=Act	_	_	_	@rml1967f-words#@rml1967f#215.202#215.474
732	что	что	SCONJ	_	_	_	_	_	@rml1967f-words#@rml1967f#215.474#215.746
733	они	они	PRON	_	Case=Nom|Number=Plur|Person=3	_	_	_	@rml1967f-words#@rml1967f#215.746#216.018
734	когда-то	когда-то	ADV	_	Degree=Pos	_	_	_	@rml1967f-words#@rml1967f#216.018#216.29
735	умрут	умереть	VERB	_	Aspect=Perf|Mood=Ind|Number=Plur|Person=3|Tense=Fut|VerbForm=Fin|Voice=Act	_	_	_	@rml1967f-words#@rml1967f#216.29#216.596
736	мне	я	PRON	_	Case=Dat|Number=Sing|Person=1	_	_	_	@rml1967f-words#@rml1967f#216.95#217.335
737	кажется	казаться	VERB	_	Aspect=Imp|Mood=Ind|Number=Sing|Person=3|Tense=Pres|VerbForm=Fin|Voice=Mid	_	_	_	@rml1967f-words#@rml1967f#217.335#217.72
738	это	этот	PRON	_	Animacy=Inan|Case=Nom|Gender=Neut|Number=Sing	_	_	_	@rml1967f-words#@rml1967f#217.72#218.105
739	самое	самый	ADJ	_	Case=Nom|Degree=Pos|Gender=Neut|Number=Sing	_	_	_	@rml1967f-words#@rml1967f#218.105#218.49
740	верное	верный	ADJ	_	Case=Nom|Degree=Pos|Gender=Neut|Number=Sing	_	_	_	@rml1967f-words#@rml1967f#218.49#218.875
741	отношение	отношение	NOUN	_	Animacy=Inan|Case=Nom|Gender=Neut|Number=Sing	_	_	_	@rml1967f-words#@rml1967f#218.875#219.26
742	к	к	ADP	_	_	_	_	_	@rml1967f-words#@rml1967f#219.26#219.645
743	этому	этот	PRON	_	Animacy=Inan|Case=Dat|Gender=Neut|Number=Sing	_	_	_	@rml1967f-words#@rml1967f#219.645#220.03
744	/	/	PUNCT	_	_	_	_	_	@rml1967f-words#@rml1967f#220.03#220.415
745	думать	думать	VERB	_	Aspect=Imp|VerbForm=Inf|Voice=Act	_	_	_	@rml1967f-words#@rml1967f#220.415#220.8
746	что	что	PRON	_	Case=Acc	_	_	_	@rml1967f-words#@rml1967f#220.8#221.185
747	ты	ты	PRON	_	Case=Nom|Number=Sing|Person=2	_	_	_	@rml1967f-words#@rml1967f#221.185#221.57
748	бессмертен	бессмертный	ADJ	_	Degree=Pos|Gender=Masc|Number=Sing|Variant=Short	_	_	_	@rml1967f-words#@rml1967f#221.57#221.959
749	но	но	CCONJ	_	_	_	_	_	@rml1967f-words#@rml1967f#222.39#222.644
750	вы	вы	PRON	_	Case=Nom|Number=Plur|Person=2	_	_	_	@rml1967f-words#@rml1967f#222.644#222.898
751	же	же	PART	_	_	_	_	_	@rml1967f-words#@rml1967f#222.898#223.152
752	/	/	PUNCT	_	_	_	_	_	@rml1967f-words#@rml1967f#223.152#223.406
753	но	но	CCONJ	_	_	_	_	_	@rml1967f-words#@rml1967f#223.406#223.66
754	вы	вы	PRON	_	Case=Nom|Number=Plur|Person=2	_	_	_	@rml1967f-words#@rml1967f#223.66#223.914
755	же	же	PART	_	_	_	_	_	@rml1967f-words#@rml1967f#223.914#224.168
756	атеист	атеист	NOUN	_	Animacy=Anim|Case=Nom|Gender=Masc|Number=Sing	_	_	_	@rml1967f-words#@rml1967f#224.168#224.423
757	то	то	PRON	_	Animacy=Inan|Case=Nom|Gender=Neut|Number=Sing	_	_	_	@rml1967f-words#@rml1967f#224.903#225.197
758	есть	быть	VERB	_	Aspect=Imp|Mood=Ind|Number=Sing|Person=3|Tense=Pres|VerbForm=Fin|Voice=Act	_	_	_	@rml1967f-words#@rml1967f#225.197#225.491
759	вы	вы	PRON	_	Case=Nom|Number=Plur|Person=2	_	_	_	@rml1967f-words#@rml1967f#225.491#225.785
760	думаете	думать	VERB	_	Aspect=Imp|Mood=Ind|Number=Plur|Person=2|Tense=Pres|VerbForm=Fin|Voice=Act	_	_	_	@rml1967f-words#@rml1967f#225.785#226.079
761	что	что	PRON	_	Case=Nom	_	_	_	@rml1967f-words#@rml1967f#226.079#226.373
762	/	/	PUNCT	_	_	_	_	_	@rml1967f-words#@rml1967f#226.373#226.667
763	/	/	PUNCT	_	_	_	_	_	@rml1967f-words#@rml1967f#226.667#226.961
764	все	все	PART	_	_	_	_	_	@rml1967f-words#@rml1967f#226.961#227.255
765	?	?	PUNCT	_	_	_	_	_	@rml1967f-words#@rml1967f#227.255#227.553
766	но	но	CCONJ	_	_	_	_	_	@rml1967f-words#@rml1967f#228.13#228.558
767	этому	этот	PRON	_	Animacy=Inan|Case=Dat|Gender=Neut|Number=Sing	_	_	_	@rml1967f-words#@rml1967f#228.558#228.986
768	же	же	PART	_	_	_	_	_	@rml1967f-words#@rml1967f#228.986#229.414
769	есть	быть	AUX	_	Aspect=Imp|Mood=Ind|Number=Sing|Person=3|Tense=Pres|VerbForm=Fin|Voice=Act	_	_	_	@rml1967f-words#@rml1967f#229.414#229.842
770	масса	масса	NOUN	_	Animacy=Inan|Case=Nom|Gender=Fem|Number=Sing	_	_	_	@rml1967f-words#@rml1967f#229.842#230.27
771	доказательств	доказательство	NOUN	_	Animacy=Inan|Case=Gen|Gender=Neut|Number=Plur	_	_	_	@rml1967f-words#@rml1967f#230.27#230.698
772	что	что	PRON	_	Case=Acc	_	_	_	@rml1967f-words#@rml1967f#230.698#231.13
773	да	да	PART	_	_	_	_	_	@rml1967f-words#@rml1967f#235.16#235.46
774	а	а	CCONJ	_	_	_	_	_	@rml1967f-words#@rml1967f#238.55#238.845
775	душа	душа	NOUN	_	Animacy=Inan|Case=Nom|Gender=Fem|Number=Sing	_	_	_	@rml1967f-words#@rml1967f#238.845#239.14
776	?	?	PUNCT	_	_	_	_	_	@rml1967f-words#@rml1967f#239.14#239.437
777	нет-нет-нет	нет-нет	PART	_	Polarity=Neg	_	_	_	@rml1967f-words#@rml1967f#245.41#245.893
778	я	я	PRON	_	Case=Nom|Number=Sing|Person=1	_	_	_	@rml1967f-words#@rml1967f#245.893#246.376
779	уважаю	уважать	VERB	_	Aspect=Imp|Mood=Ind|Number=Sing|Person=1|Tense=Pres|VerbForm=Fin|Voice=Act	_	_	_	@rml1967f-words#@rml1967f#246.376#246.861
780	как	как	ADV	_	Degree=Pos	_	_	_	@rml1967f-words#@rml1967f#246.965#247.231
781	это	это	PRON	_	Animacy=Inan|Case=Acc|Gender=Neut|Number=Sing	_	_	_	@rml1967f-words#@rml1967f#247.231#247.497
782	уважать	уважать	VERB	_	Aspect=Perf|VerbForm=Inf|Voice=Act	_	_	_	@rml1967f-words#@rml1967f#247.497#247.763
783	чувства	чувство	NOUN	_	Animacy=Inan|Case=Acc|Gender=Neut|Number=Plur	_	_	_	@rml1967f-words#@rml1967f#247.763#248.029
784	верующих	верующий	NOUN	_	Animacy=Anim|Case=Gen|Gender=Masc|Number=Plur	_	_	_	@rml1967f-words#@rml1967f#248.029#248.295
785	я	я	PRON	_	Case=Nom|Number=Sing|Person=1	_	_	_	@rml1967f-words#@rml1967f#248.295#248.561
786	уважаю	уважать	VERB	_	Aspect=Imp|Mood=Ind|Number=Sing|Person=1|Tense=Pres|VerbForm=Fin|Voice=Act	_	_	_	@rml1967f-words#@rml1967f#248.561#248.827
787	чувства	чувство	NOUN	_	Animacy=Inan|Case=Acc|Gender=Neut|Number=Plur	_	_	_	@rml1967f-words#@rml1967f#248.827#249.093
788	неверующих	неверующий	NOUN	_	Animacy=Anim|Case=Gen|Gender=Masc|Number=Plur	_	_	_	@rml1967f-words#@rml1967f#249.093#249.359
789	/	/	PUNCT	_	_	_	_	_	@rml1967f-words#@rml1967f#249.359#249.625
790	да	да	PART	_	_	_	_	_	@rml1967f-words#@rml1967f#250.89#251.211
791	мне	я	PRON	_	Case=Dat|Number=Sing|Person=1	_	_	_	@rml1967f-words#@rml1967f#256.279#256.693
792	кажется	казаться	VERB	_	Aspect=Imp|Mood=Ind|Number=Sing|Person=3|Tense=Pres|VerbForm=Fin|Voice=Mid	_	_	_	@rml1967f-words#@rml1967f#256.693#257.107
793	что	что	SCONJ	_	_	_	_	_	@rml1967f-words#@rml1967f#257.107#257.521
794	да	да	PART	_	_	_	_	_	@rml1967f-words#@rml1967f#257.521#257.935
795	/	/	PUNCT	_	_	_	_	_	@rml1967f-words#@rml1967f#257.935#258.349
796	я	я	PRON	_	Case=Nom|Number=Sing|Person=1	_	_	_	@rml1967f-words#@rml1967f#258.349#258.763
797	ее	она	PRON	_	Case=Gen|Gender=Fem|Number=Sing|Person=3	_	_	_	@rml1967f-words#@rml1967f#258.763#259.177
798	конечно	конечно	ADV	_	Degree=Pos	_	_	_	@rml1967f-words#@rml1967f#259.177#259.591
799	/	/	PUNCT	_	_	_	_	_	@rml1967f-words#@rml1967f#259.591#260.005
800	просто	просто	PART	_	_	_	_	_	@rml1967f-words#@rml1967f#260.005#260.419
801	мне	я	PRON	_	Case=Dat|Number=Sing|Person=1	_	_	_	@rml1967f-words#@rml1967f#260.419#260.833
802	иногда	иногда	ADV	_	Degree=Pos	_	_	_	@rml1967f-words#@rml1967f#260.833#261.247
803	нравится	нравиться	VERB	_	Aspect=Imp|Mood=Ind|Number=Sing|Person=3|Tense=Pres|VerbForm=Fin|Voice=Mid	_	_	_	@rml1967f-words#@rml1967f#261.247#261.661
804	соо	соо	X	_	_	_	_	_	@rml1967f-words#@rml1967f#261.661#262.075
805	соединять	соединять	VERB	_	Aspect=Imp|VerbForm=Inf|Voice=Act	_	_	_	@rml1967f-words#@rml1967f#262.075#262.489
806	слова	слово	NOUN	_	Animacy=Inan|Case=Acc|Gender=Neut|Number=Plur	_	_	_	@rml1967f-words#@rml1967f#262.489#262.903
807	и	и	CCONJ	_	_	_	_	_	@rml1967f-words#@rml1967f#262.903#263.317
808	иногда	иногда	ADV	_	Degree=Pos	_	_	_	@rml1967f-words#@rml1967f#263.317#263.731
809	они	они	PRON	_	Case=Nom|Number=Plur|Person=3	_	_	_	@rml1967f-words#@rml1967f#263.731#264.145
810	/	/	PUNCT	_	_	_	_	_	@rml1967f-words#@rml1967f#264.145#264.559
811	просто	просто	PART	_	_	_	_	_	@rml1967f-words#@rml1967f#264.559#264.973
812	красивая	красивый	ADJ	_	Case=Nom|Degree=Pos|Gender=Fem|Number=Sing	_	_	_	@rml1967f-words#@rml1967f#264.973#265.387
813	фраза	фраза	NOUN	_	Animacy=Inan|Case=Nom|Gender=Fem|Number=Sing	_	_	_	@rml1967f-words#@rml1967f#265.387#265.821
814	ну	ну	PART	_	_	_	_	_	@rml1967f-words#@rml1967f#276.09#276.403
815	да	да	PART	_	_	_	_	_	@rml1967f-words#@rml1967f#276.403#276.716
816	это	это	PRON	_	Animacy=Inan|Case=Nom|Gender=Neut|Number=Sing	_	_	_	@rml1967f-words#@rml1967f#276.716#277.029
817	такое	такой	DET	_	Case=Nom|Gender=Neut|Number=Sing	_	_	_	@rml1967f-words#@rml1967f#277.029#277.342
818	слово	слово	NOUN	_	Animacy=Inan|Case=Nom|Gender=Neut|Number=Sing	_	_	_	@rml1967f-words#@rml1967f#277.342#277.655
819	есть	быть	VERB	_	Aspect=Imp|Mood=Ind|Number=Sing|Person=3|Tense=Pres|VerbForm=Fin|Voice=Act	_	_	_	@rml1967f-words#@rml1967f#277.655#277.968
820	/	/	PUNCT	_	_	_	_	_	@rml1967f-words#@rml1967f#277.968#278.281
821	которым	который	PRON	_	Case=Ins	_	_	_	@rml1967f-words#@rml1967f#278.281#278.594
822	мы	мы	PRON	_	Case=Nom|Number=Plur|Person=1	_	_	_	@rml1967f-words#@rml1967f#278.594#278.907
823	называем	называть	VERB	_	Aspect=Imp|Mood=Ind|Number=Plur|Person=1|Tense=Pres|VerbForm=Fin|Voice=Act	_	_	_	@rml1967f-words#@rml1967f#278.907#279.22
824	вот	вот	PART	_	_	_	_	_	@rml1967f-words#@rml1967f#279.22#279.533
825	туда	туда	ADV	_	Degree=Pos	_	_	_	@rml1967f-words#@rml1967f#279.533#279.846
826	переход	переход	NOUN	_	Animacy=Inan|Case=Nom|Gender=Masc|Number=Sing	_	_	_	@rml1967f-words#@rml1967f#279.846#280.159
827	да	да	PART	_	_	_	_	_	@rml1967f-words#@rml1967f#292.3#292.785
828	кстати	кстати	NUM	_	Case=Gen	_	_	_	@rml1967f-words#@rml1967f#292.785#293.27
829	#вздыхает#	#вздыхает#	X	_	_	_	_	_	@rml1967f-words#@rml1967f#301.04#301.259
830	ну	ну	PART	_	_	_	_	_	@rml1967f-words#@rml1967f#301.259#301.478
831	плохо	плохо	ADV	_	Degree=Pos	_	_	_	@rml1967f-words#@rml1967f#301.478#301.697
832	я	я	PRON	_	Case=Nom|Number=Sing|Person=1	_	_	_	@rml1967f-words#@rml1967f#301.697#301.916
833	к	к	ADP	_	_	_	_	_	@rml1967f-words#@rml1967f#301.916#302.135
834	ней	она	PRON	_	Case=Dat|Gender=Fem|Number=Sing|Person=3	_	_	_	@rml1967f-words#@rml1967f#302.135#302.354
835	отношусь	относиться	VERB	_	Aspect=Imp|Mood=Ind|Number=Sing|Person=1|Tense=Pres|VerbForm=Fin|Voice=Mid	_	_	_	@rml1967f-words#@rml1967f#302.354#302.573
836	конечно	конечно	ADV	_	Degree=Pos	_	_	_	@rml1967f-words#@rml1967f#302.573#302.796
837	да	да	PART	_	_	_	_	_	@rml1967f-words#@rml1967f#303.08#304.07
838	несправедливый	несправедливый	ADJ	_	Case=Nom|Degree=Pos|Gender=Masc|Number=Sing	_	_	_	@rml1967f-words#@rml1967f#304.07#304.516
839	этот	этот	DET	_	Case=Nom|Gender=Masc|Number=Sing	_	_	_	@rml1967f-words#@rml1967f#304.516#304.962
840	процесс	процесс	NOUN	_	Animacy=Inan|Case=Nom|Gender=Masc|Number=Sing	_	_	_	@rml1967f-words#@rml1967f#304.962#305.408
841	/	/	PUNCT	_	_	_	_	_	@rml1967f-words#@rml1967f#305.408#305.854
842	я	я	PRON	_	Case=Nom|Number=Sing|Person=1	_	_	_	@rml1967f-words#@rml1967f#305.854#306.3
843	считаю	считать	VERB	_	Aspect=Imp|Mood=Ind|Number=Sing|Person=1|Tense=Pres|VerbForm=Fin|Voice=Act	_	_	_	@rml1967f-words#@rml1967f#306.3#306.75
844	потому	потому	ADV	_	Degree=Pos	_	_	_	@rml1967f-words#@rml1967f#308.11#308.134
845	что	что	SCONJ	_	_	_	_	_	@rml1967f-words#@rml1967f#308.134#308.158
846	внутри-то	внутри-то	ADV	_	Degree=Pos	_	_	_	@rml1967f-words#@rml1967f#308.158#308.182
847	мы	мы	PRON	_	Case=Nom|Number=Plur|Person=1	_	_	_	@rml1967f-words#@rml1967f#308.182#308.206
848	не	не	PART	_	_	_	_	_	@rml1967f-words#@rml1967f#308.206#308.23
849	стареем	стареть	VERB	_	Aspect=Imp|Mood=Ind|Number=Plur|Person=1|Tense=Pres|VerbForm=Fin|Voice=Act	_	_	_	@rml1967f-words#@rml1967f#308.23#308.254
850	/	/	PUNCT	_	_	_	_	_	@rml1967f-words#@rml1967f#308.254#308.278
851	для	для	ADP	_	_	_	_	_	@rml1967f-words#@rml1967f#308.278#308.302
852	мужчин	мужчина	NOUN	_	Animacy=Anim|Case=Gen|Gender=Masc|Number=Plur	_	_	_	@rml1967f-words#@rml1967f#308.302#308.326
853	я	я	PRON	_	Case=Nom|Number=Sing|Person=1	_	_	_	@rml1967f-words#@rml1967f#308.326#308.35
854	еще	еще	ADV	_	Degree=Pos	_	_	_	@rml1967f-words#@rml1967f#308.35#308.374
855	туда-сюда	туда-сюда	ADV	_	Degree=Pos	_	_	_	@rml1967f-words#@rml1967f#308.374#308.398
856	соглашусь	согласиться	VERB	_	Aspect=Imp|Mood=Ind|Number=Sing|Person=1|Tense=Pres|VerbForm=Fin|Voice=Mid	_	_	_	@rml1967f-words#@rml1967f#308.398#308.422
857	/	/	PUNCT	_	_	_	_	_	@rml1967f-words#@rml1967f#308.422#308.446
858	/	/	PUNCT	_	_	_	_	_	@rml1967f-words#@rml1967f#308.446#308.47
859	а	а	CCONJ	_	_	_	_	_	@rml1967f-words#@rml1967f#308.47#308.494
860	женщине	женщина	NOUN	_	Animacy=Anim|Case=Dat|Gender=Fem|Number=Sing	_	_	_	@rml1967f-words#@rml1967f#308.494#308.518
861	конечно	конечно	ADV	_	Degree=Pos	_	_	_	@rml1967f-words#@rml1967f#308.518#308.542
862	/	/	PUNCT	_	_	_	_	_	@rml1967f-words#@rml1967f#308.542#308.566
863	/	/	PUNCT	_	_	_	_	_	@rml1967f-words#@rml1967f#308.566#308.59
864	все	весь	DET	_	Case=Nom|Gender=Neut|Number=Sing	_	_	_	@rml1967f-words#@rml1967f#308.59#308.614
865	это	это	PRON	_	Animacy=Inan|Case=Nom|Gender=Neut|Number=Sing	_	_	_	@rml1967f-words#@rml1967f#308.614#308.638
866	драматично	драматичный	ADJ	_	Degree=Pos|Gender=Neut|Number=Sing|Variant=Short	_	_	_	@rml1967f-words#@rml1967f#308.638#308.662
867	/	/	PUNCT	_	_	_	_	_	@rml1967f-words#@rml1967f#308.662#308.686
868	это	это	PRON	_	Animacy=Inan|Case=Acc|Gender=Neut|Number=Sing	_	_	_	@rml1967f-words#@rml1967f#308.686#308.71
869	надо	надо	ADV	_	Degree=Pos	_	_	_	@rml1967f-words#@rml1967f#308.71#308.734
870	как-то	как-то	ADV	_	Degree=Pos	_	_	_	@rml1967f-words#@rml1967f#308.734#308.758
871	принять	принять	VERB	_	Aspect=Perf|VerbForm=Inf|Voice=Act	_	_	_	@rml1967f-words#@rml1967f#308.758#308.782
872	и	и	CCONJ	_	_	_	_	_	@rml1967f-words#@rml1967f#308.782#308.806
873	/	/	PUNCT	_	_	_	_	_	@rml1967f-words#@rml1967f#308.806#308.83
874	идти	идти	VERB	_	Aspect=Imp|VerbForm=Inf|Voice=Act	_	_	_	@rml1967f-words#@rml1967f#308.83#308.854
875	по	по	ADP	_	_	_	_	_	@rml1967f-words#@rml1967f#308.854#308.878
876	этому	этот	DET	_	Case=Dat|Gender=Masc|Number=Sing	_	_	_	@rml1967f-words#@rml1967f#308.878#308.902
877	процессу	процесс	NOUN	_	Animacy=Inan|Case=Dat|Gender=Masc|Number=Sing	_	_	_	@rml1967f-words#@rml1967f#308.902#308.926
878	/	/	PUNCT	_	_	_	_	_	@rml1967f-words#@rml1967f#308.926#308.95
879	но	но	CCONJ	_	_	_	_	_	@rml1967f-words#@rml1967f#308.95#308.974
880	ты	ты	PRON	_	Case=Nom|Number=Sing|Person=2	_	_	_	@rml1967f-words#@rml1967f#308.974#308.998
881	же	же	PART	_	_	_	_	_	@rml1967f-words#@rml1967f#308.998#309.022
882	просто	просто	PART	_	_	_	_	_	@rml1967f-words#@rml1967f#309.022#309.046
883	дряхлеешь	дряхлеть	VERB	_	Aspect=Perf|Mood=Ind|Number=Sing|Person=2|Tense=Fut|VerbForm=Fin|Voice=Act	_	_	_	@rml1967f-words#@rml1967f#309.046#309.07
884	ты	ты	PRON	_	Case=Nom|Number=Sing|Person=2	_	_	_	@rml1967f-words#@rml1967f#309.07#309.094
885	становишься	становиться	VERB	_	Aspect=Imp|Mood=Ind|Number=Sing|Person=2|Tense=Pres|VerbForm=Fin|Voice=Mid	_	_	_	@rml1967f-words#@rml1967f#309.094#309.118
886	усталым	усталый	ADJ	_	Case=Ins|Degree=Pos|Gender=Masc|Number=Sing	_	_	_	@rml1967f-words#@rml1967f#309.118#309.142
887	/	/	PUNCT	_	_	_	_	_	@rml1967f-words#@rml1967f#309.142#309.166
888	но	но	CCONJ	_	_	_	_	_	@rml1967f-words#@rml1967f#309.166#309.19
889	в	в	ADP	_	_	_	_	_	@rml1967f-words#@rml1967f#309.19#309.214
890	тебе	ты	PRON	_	Case=Dat|Number=Sing|Person=2	_	_	_	@rml1967f-words#@rml1967f#309.214#309.238
891	горят	гореть	VERB	_	Aspect=Imp|Mood=Ind|Number=Plur|Person=3|Tense=Pres|VerbForm=Fin|Voice=Act	_	_	_	@rml1967f-words#@rml1967f#309.238#309.262
892	те	тот	DET	_	Case=Nom|Number=Plur	_	_	_	@rml1967f-words#@rml1967f#309.262#309.286
893	же	же	PART	_	_	_	_	_	@rml1967f-words#@rml1967f#309.286#309.31
894	страсти	страсть	NOUN	_	Animacy=Inan|Case=Nom|Gender=Fem|Number=Plur	_	_	_	@rml1967f-words#@rml1967f#309.31#309.334
895	/	/	PUNCT	_	_	_	_	_	@rml1967f-words#@rml1967f#309.334#309.358
896	конечно	конечно	ADV	_	Degree=Pos	_	_	_	@rml1967f-words#@rml1967f#309.358#309.382
897	несправедливо	несправедливо	ADV	_	Degree=Pos	_	_	_	@rml1967f-words#@rml1967f#309.382#309.406
898	это	это	PRON	_	Animacy=Inan|Case=Nom|Gender=Neut|Number=Sing	_	_	_	@rml1967f-words#@rml1967f#309.406#309.43
899	твоя	твой	DET	_	Case=Nom|Gender=Fem|Number=Sing	_	_	_	@rml1967f-words#@rml1967f#309.43#309.454
900	оболочка	оболочка	NOUN	_	Animacy=Inan|Case=Nom|Gender=Fem|Number=Sing	_	_	_	@rml1967f-words#@rml1967f#309.454#309.478
901	стареет	стареть	VERB	_	Aspect=Imp|Mood=Ind|Number=Sing|Person=3|Tense=Pres|VerbForm=Fin|Voice=Act	_	_	_	@rml1967f-words#@rml1967f#309.478#309.502
902	/	/	PUNCT	_	_	_	_	_	@rml1967f-words#@rml1967f#309.502#309.526
903	/	/	PUNCT	_	_	_	_	_	@rml1967f-words#@rml1967f#309.526#309.55
904	проклятая	проклятый	VERB	_	Aspect=Perf|Case=Nom|Gender=Fem|Number=Sing|Tense=Past|VerbForm=Part|Voice=Pass	_	_	_	@rml1967f-words#@rml1967f#309.55#309.62
905	для	для	ADP	_	_	_	_	_	@rml1967f-words#@rml1967f#310.75#311.046
906	мужчин	мужчина	NOUN	_	Animacy=Anim|Case=Gen|Gender=Masc|Number=Plur	_	_	_	@rml1967f-words#@rml1967f#311.046#311.342
907	я	я	PRON	_	Case=Nom|Number=Sing|Person=1	_	_	_	@rml1967f-words#@rml1967f#311.342#311.638
908	еще	еще	ADV	_	Degree=Pos	_	_	_	@rml1967f-words#@rml1967f#311.638#311.934
909	туда-сюда	туда-сюда	ADV	_	Degree=Pos	_	_	_	@rml1967f-words#@rml1967f#311.934#312.23
910	соглашусь	согласиться	VERB	_	Aspect=Imp|Mood=Ind|Number=Sing|Person=1|Tense=Pres|VerbForm=Fin|Voice=Mid	_	_	_	@rml1967f-words#@rml1967f#312.23#312.529
911	а	а	CCONJ	_	_	_	_	_	@rml1967f-words#@rml1967f#313.34#313.692
912	женщине	женщина	NOUN	_	Animacy=Anim|Case=Dat|Gender=Fem|Number=Sing	_	_	_	@rml1967f-words#@rml1967f#313.692#314.044
913	конечно	конечно	ADV	_	Degree=Pos	_	_	_	@rml1967f-words#@rml1967f#314.044#314.396
914	/	/	PUNCT	_	_	_	_	_	@rml1967f-words#@rml1967f#314.396#314.748
915	/	/	PUNCT	_	_	_	_	_	@rml1967f-words#@rml1967f#314.748#315.1
916	все	весь	DET	_	Case=Nom|Gender=Neut|Number=Sing	_	_	_	@rml1967f-words#@rml1967f#315.1#315.452
917	это	это	PRON	_	Animacy=Inan|Case=Nom|Gender=Neut|Number=Sing	_	_	_	@rml1967f-words#@rml1967f#315.452#315.804
918	драматично	драматичный	ADJ	_	Degree=Pos|Gender=Neut|Number=Sing|Variant=Short	_	_	_	@rml1967f-words#@rml1967f#315.804#316.156
919	/	/	PUNCT	_	_	_	_	_	@rml1967f-words#@rml1967f#316.156#316.508
920	это	это	PRON	_	Animacy=Inan|Case=Acc|Gender=Neut|Number=Sing	_	_	_	@rml1967f-words#@rml1967f#316.508#316.86
921	надо	надо	ADV	_	Degree=Pos	_	_	_	@rml1967f-words#@rml1967f#316.86#317.212
922	как-то	как-то	ADV	_	Degree=Pos	_	_	_	@rml1967f-words#@rml1967f#317.212#317.564
923	принять	принять	VERB	_	Aspect=Perf|VerbForm=Inf|Voice=Act	_	_	_	@rml1967f-words#@rml1967f#317.564#317.916
924	и	и	CCONJ	_	_	_	_	_	@rml1967f-words#@rml1967f#317.916#318.268
925	/	/	PUNCT	_	_	_	_	_	@rml1967f-words#@rml1967f#318.268#318.62
926	идти	идти	VERB	_	Aspect=Imp|VerbForm=Inf|Voice=Act	_	_	_	@rml1967f-words#@rml1967f#318.62#318.972
927	по	по	ADP	_	_	_	_	_	@rml1967f-words#@rml1967f#318.972#319.324
928	этому	этот	DET	_	Case=Dat|Gender=Masc|Number=Sing	_	_	_	@rml1967f-words#@rml1967f#319.324#319.676
929	процессу	процесс	NOUN	_	Animacy=Inan|Case=Dat|Gender=Masc|Number=Sing	_	_	_	@rml1967f-words#@rml1967f#319.676#320.028
930	/	/	PUNCT	_	_	_	_	_	@rml1967f-words#@rml1967f#320.028#320.38
931	но	но	CCONJ	_	_	_	_	_	@rml1967f-words#@rml1967f#320.38#320.732
932	ты	ты	PRON	_	Case=Nom|Number=Sing|Person=2	_	_	_	@rml1967f-words#@rml1967f#320.732#321.084
933	же	же	PART	_	_	_	_	_	@rml1967f-words#@rml1967f#321.084#321.436
934	просто	просто	PART	_	_	_	_	_	@rml1967f-words#@rml1967f#321.436#321.788
935	дряхлеешь	дряхлеть	VERB	_	Aspect=Perf|Mood=Ind|Number=Sing|Person=2|Tense=Fut|VerbForm=Fin|Voice=Act	_	_	_	@rml1967f-words#@rml1967f#321.788#322.14
936	ты	ты	PRON	_	Case=Nom|Number=Sing|Person=2	_	_	_	@rml1967f-words#@rml1967f#322.14#322.492
937	становишься	становиться	VERB	_	Aspect=Imp|Mood=Ind|Number=Sing|Person=2|Tense=Pres|VerbForm=Fin|Voice=Mid	_	_	_	@rml1967f-words#@rml1967f#322.492#322.844
938	усталым	усталый	ADJ	_	Case=Ins|Degree=Pos|Gender=Masc|Number=Sing	_	_	_	@rml1967f-words#@rml1967f#322.844#323.196
939	/	/	PUNCT	_	_	_	_	_	@rml1967f-words#@rml1967f#323.196#323.548
940	но	но	CCONJ	_	_	_	_	_	@rml1967f-words#@rml1967f#323.548#323.9
941	в	в	ADP	_	_	_	_	_	@rml1967f-words#@rml1967f#323.9#324.252
942	тебе	ты	PRON	_	Case=Dat|Number=Sing|Person=2	_	_	_	@rml1967f-words#@rml1967f#324.252#324.604
943	горят	гореть	VERB	_	Aspect=Imp|Mood=Ind|Number=Plur|Person=3|Tense=Pres|VerbForm=Fin|Voice=Act	_	_	_	@rml1967f-words#@rml1967f#324.604#324.956
944	те	тот	DET	_	Case=Nom|Number=Plur	_	_	_	@rml1967f-words#@rml1967f#324.956#325.308
945	же	же	PART	_	_	_	_	_	@rml1967f-words#@rml1967f#325.308#325.66
946	страсти	страсть	NOUN	_	Animacy=Inan|Case=Nom|Gender=Fem|Number=Plur	_	_	_	@rml1967f-words#@rml1967f#325.66#326.012
947	/	/	PUNCT	_	_	_	_	_	@rml1967f-words#@rml1967f#326.012#326.364
948	конечно	конечно	ADV	_	Degree=Pos	_	_	_	@rml1967f-words#@rml1967f#326.364#326.716
949	несправедливо	несправедливо	ADV	_	Degree=Pos	_	_	_	@rml1967f-words#@rml1967f#326.716#327.068
950	это	это	PRON	_	Animacy=Inan|Case=Nom|Gender=Neut|Number=Sing	_	_	_	@rml1967f-words#@rml1967f#327.068#327.42
951	твоя	твой	DET	_	Case=Nom|Gender=Fem|Number=Sing	_	_	_	@rml1967f-words#@rml1967f#327.42#327.772
952	оболочка	оболочка	NOUN	_	Animacy=Inan|Case=Nom|Gender=Fem|Number=Sing	_	_	_	@rml1967f-words#@rml1967f#327.772#328.124
953	стареет	стареть	VERB	_	Aspect=Imp|Mood=Ind|Number=Sing|Person=3|Tense=Pres|VerbForm=Fin|Voice=Act	_	_	_	@rml1967f-words#@rml1967f#328.124#328.513
954	проклятая	проклятый	ADJ	_	Aspect=Imp|Gender=Fem|Mood=Ind|Number=Sing|Case=Nom|	_	_	_	@rml1967f-words#@rml1967f#329.08#329.897
955	так	так	SCONJ	_	_	_	_	_	@rml1967f-words#@rml1967f#330.75#331.007
956	что	что	SCONJ	_	_	_	_	_	@rml1967f-words#@rml1967f#331.007#331.264
957	в	в	ADP	_	_	_	_	_	@rml1967f-words#@rml1967f#331.264#331.521