1	в	в	ADP	_	_	_	_	_	@pvv1934m-words#@pvv1934m#19.99#20.552
2	эфире	эфир	NOUN	_	Animacy=Inan|Case=Loc|Gender=Masc|Number=Sing	_	_	_	@pvv1934m-words#@pvv1934m#20.552#21.114
3	программа	программа	NOUN	_	Animacy=Inan|Case=Nom|Gender=Fem|Number=Sing	_	_	_	@pvv1934m-words#@pvv1934m#21.114#21.676
4	Познер	Познер	PROPN	_	Animacy=Anim|Case=Nom|Gender=Masc|Number=Sing	_	_	_	@pvv1934m-words#@pvv1934m#21.676#22.238
5	/	/	PUNCT	_	_	_	_	_	@pvv1934m-words#@pvv1934m#22.238#22.8
6	/	/	PUNCT	_	_	_	_	_	@pvv1934m-words#@pvv1934m#22.8#23.345
7	гость	гость	NOUN	_	Animacy=Inan|Case=Nom|Gender=Fem|Number=Sing	_	_	_	@pvv1934m-words#@pvv1934m#23.345#23.89
8	программы	программа	NOUN	_	Animacy=Inan|Case=Gen|Gender=Fem|Number=Sing	_	_	_	@pvv1934m-words#@pvv1934m#23.89#24.435
9	Рената	Ренат	PROPN	_	Animacy=Anim|Case=Gen|Gender=Masc|Number=Sing	_	_	_	@pvv1934m-words#@pvv1934m#24.435#24.98
10	Литвинова	Литвинов	PROPN	_	Animacy=Anim|Case=Gen|Gender=Masc|Number=Sing	_	_	_	@pvv1934m-words#@pvv1934m#24.98#25.525
11	/	/	PUNCT	_	_	_	_	_	@pvv1934m-words#@pvv1934m#25.525#26.07
12	режиссер	режиссер	NOUN	_	Animacy=Anim|Case=Nom|Gender=Masc|Number=Sing	_	_	_	@pvv1934m-words#@pvv1934m#26.07#26.442
13	/	/	PUNCT	_	_	_	_	_	@pvv1934m-words#@pvv1934m#26.442#26.814
14	сценарист	сценарист	NOUN	_	Animacy=Anim|Case=Nom|Gender=Masc|Number=Sing	_	_	_	@pvv1934m-words#@pvv1934m#26.814#27.186
15	/	/	PUNCT	_	_	_	_	_	@pvv1934m-words#@pvv1934m#27.186#27.558
16	актриса	актриса	NOUN	_	Animacy=Inan|Case=Gen|Gender=Masc|Number=Sing	_	_	_	@pvv1934m-words#@pvv1934m#27.558#27.93
17	/	/	PUNCT	_	_	_	_	_	@pvv1934m-words#@pvv1934m#27.93#28.302
18	здрасьте	здрасьт	VERB	_	Aspect=Perf|Mood=Imp|Number=Plur|Person=2|VerbForm=Fin|Voice=Act	_	_	_	@pvv1934m-words#@pvv1934m#28.302#28.674
19	/	/	PUNCT	_	_	_	_	_	@pvv1934m-words#@pvv1934m#28.674#29.05
20	как	как	ADV	_	Degree=Pos	_	_	_	@pvv1934m-words#@pvv1934m#30.38#30.601
21	вам	вы	PRON	_	Case=Dat|Number=Plur|Person=2	_	_	_	@pvv1934m-words#@pvv1934m#30.601#30.822
22	погода	погода	NOUN	_	Animacy=Inan|Case=Nom|Gender=Fem|Number=Sing	_	_	_	@pvv1934m-words#@pvv1934m#30.822#31.043
23	сегодня	сегодня	ADV	_	Degree=Pos	_	_	_	@pvv1934m-words#@pvv1934m#31.043#31.264
24	?	?	PUNCT	_	_	_	_	_	@pvv1934m-words#@pvv1934m#31.264#31.485
25	/	/	PUNCT	_	_	_	_	_	@pvv1934m-words#@pvv1934m#31.485#31.71
26	да	да	PART	_	_	_	_	_	@pvv1934m-words#@pvv1934m#37.76#37.952
27	/	/	PUNCT	_	_	_	_	_	@pvv1934m-words#@pvv1934m#37.952#38.144
28	скажите	сказать	VERB	_	Aspect=Perf|Mood=Imp|Number=Plur|Person=2|VerbForm=Fin|Voice=Act	_	_	_	@pvv1934m-words#@pvv1934m#38.144#38.336
29	пожалуйста	пожалуйста	ADV	_	Degree=Pos	_	_	_	@pvv1934m-words#@pvv1934m#38.336#38.528
30	/	/	PUNCT	_	_	_	_	_	@pvv1934m-words#@pvv1934m#38.528#38.72
31	а	а	CCONJ	_	_	_	_	_	@pvv1934m-words#@pvv1934m#38.72#38.912
32	не	не	PART	_	_	_	_	_	@pvv1934m-words#@pvv1934m#38.912#39.104
33	депрессивная	депрессивный	ADJ	_	Case=Nom|Degree=Pos|Gender=Fem|Number=Sing	_	_	_	@pvv1934m-words#@pvv1934m#39.104#39.296
34	/	/	PUNCT	_	_	_	_	_	@pvv1934m-words#@pvv1934m#39.296#39.488
35	нет	нет	PART	_	_	_	_	_	@pvv1934m-words#@pvv1934m#39.488#39.68
36	?	?	PUNCT	_	_	_	_	_	@pvv1934m-words#@pvv1934m#39.68#39.872
37	/	/	PUNCT	_	_	_	_	_	@pvv1934m-words#@pvv1934m#39.872#40.07
38	нет	нет	PART	_	_	_	_	_	@pvv1934m-words#@pvv1934m#44.51#44.555
39	?	?	PUNCT	_	_	_	_	_	@pvv1934m-words#@pvv1934m#44.555#44.6
40	здорово	здорово	ADV	_	Degree=Pos	_	_	_	@pvv1934m-words#@pvv1934m#45.88#46.769
41	многие	много	NUM	_	_	_	_	_	@pvv1934m-words#@pvv1934m#47.964#48.564
42	зависят	зависеть	VERB	_	Aspect=Imp|Mood=Ind|Number=Plur|Person=3|Tense=Pres|VerbForm=Fin|Voice=Act	_	_	_	@pvv1934m-words#@pvv1934m#48.564#49.164
43	ну	ну	PART	_	_	_	_	_	@pvv1934m-words#@pvv1934m#49.24#49.812
44	хорошо	хорошо	ADV	_	Degree=Pos	_	_	_	@pvv1934m-words#@pvv1934m#49.812#50.384
45	как-то	как-то	ADV	_	Degree=Pos	_	_	_	@pvv1934m-words#@pvv1934m#51.02#51.484
46	вы	вы	PRON	_	Case=Nom|Number=Plur|Person=2	_	_	_	@pvv1934m-words#@pvv1934m#51.484#51.948
47	сказали	сказать	VERB	_	Aspect=Perf|Mood=Ind|Number=Plur|Tense=Past|VerbForm=Fin|Voice=Act	_	_	_	@pvv1934m-words#@pvv1934m#51.948#52.412
48	такое	такой	DET	_	Case=Acc|Gender=Neut|Number=Sing	_	_	_	@pvv1934m-words#@pvv1934m#52.412#52.876
49	что	что	NOUN	_	Animacy=Inan|Case=Acc|Gender=Neut|Number=Sing	_	_	_	@pvv1934m-words#@pvv1934m#52.876#53.341
50	давать	давать	VERB	_	Aspect=Imp|VerbForm=Inf|Voice=Act	_	_	_	@pvv1934m-words#@pvv1934m#53.341#53.802
51	интервью	интервью	NOUN	_	Animacy=Inan|Case=Acc|Gender=Neut|Number=Sing	_	_	_	@pvv1934m-words#@pvv1934m#53.802#54.263
52	/	/	PUNCT	_	_	_	_	_	@pvv1934m-words#@pvv1934m#54.263#54.724
53	тяжелая	тяжелый	ADJ	_	Case=Nom|Degree=Pos|Gender=Fem|Number=Sing	_	_	_	@pvv1934m-words#@pvv1934m#54.724#55.185
54	необходимость	необходимость	NOUN	_	Animacy=Inan|Case=Nom|Gender=Fem|Number=Sing	_	_	_	@pvv1934m-words#@pvv1934m#55.185#55.646
55	и	и	CCONJ	_	_	_	_	_	@pvv1934m-words#@pvv1934m#55.646#56.107
56	/	/	PUNCT	_	_	_	_	_	@pvv1934m-words#@pvv1934m#56.107#56.568
57	что	что	SCONJ	_	_	_	_	_	@pvv1934m-words#@pvv1934m#56.568#57.029
58	это	это	PRON	_	Animacy=Inan|Case=Nom|Gender=Neut|Number=Sing	_	_	_	@pvv1934m-words#@pvv1934m#57.029#57.49
59	почти	почти	ADV	_	Degree=Pos	_	_	_	@pvv1934m-words#@pvv1934m#57.49#57.951
60	бессмысленно	бессмысленный	ADJ	_	Degree=Pos|Gender=Neut|Number=Sing|Variant=Short	_	_	_	@pvv1934m-words#@pvv1934m#57.951#58.412
61	/	/	PUNCT	_	_	_	_	_	@pvv1934m-words#@pvv1934m#58.412#58.88
62	ну	ну	PART	_	_	_	_	_	@pvv1934m-words#@pvv1934m#65.93#66.185
63	ладно	ладно	PART	_	_	_	_	_	@pvv1934m-words#@pvv1934m#66.185#66.44
64	а	а	CCONJ	_	_	_	_	_	@pvv1934m-words#@pvv1934m#66.44#66.695
65	почему	почему	ADV	_	Degree=Pos	_	_	_	@pvv1934m-words#@pvv1934m#66.695#66.95
66	быссмысленно	быссмысленно	ADJ	_	Degree=Pos|Gender=Neut|Number=Sing|Variant=Short	_	_	_	@pvv1934m-words#@pvv1934m#66.95#67.205
67	?	?	PUNCT	_	_	_	_	_	@pvv1934m-words#@pvv1934m#67.205#67.46
68	вообще	вообще	ADV	_	Degree=Pos	_	_	_	@pvv1934m-words#@pvv1934m#84.57#84.918
69	фильм	фильм	NOUN	_	Animacy=Inan|Case=Nom|Gender=Masc|Number=Sing	_	_	_	@pvv1934m-words#@pvv1934m#84.918#85.266
70	действительно	действительно	ADV	_	Degree=Pos	_	_	_	@pvv1934m-words#@pvv1934m#85.266#85.614
71	вышел	выйти	VERB	_	Aspect=Perf|Gender=Masc|Mood=Ind|Number=Sing|Tense=Past|VerbForm=Fin|Voice=Act	_	_	_	@pvv1934m-words#@pvv1934m#85.614#85.962
72	в	в	ADP	_	_	_	_	_	@pvv1934m-words#@pvv1934m#85.962#86.31
73	прокат	прокат	NOUN	_	Animacy=Inan|Case=Acc|Gender=Masc|Number=Sing	_	_	_	@pvv1934m-words#@pvv1934m#86.31#86.658
74	/	/	PUNCT	_	_	_	_	_	@pvv1934m-words#@pvv1934m#86.658#87.006
75	я	я	PRON	_	Case=Nom|Number=Sing|Person=1	_	_	_	@pvv1934m-words#@pvv1934m#87.006#87.354
76	его	он	PRON	_	Case=Acc|Gender=Masc|Number=Sing|Person=3	_	_	_	@pvv1934m-words#@pvv1934m#87.354#87.702
77	посмотрел	смотреть	VERB	_	Aspect=Perf|Gender=Masc|Mood=Ind|Number=Sing|Tense=Past|VerbForm=Fin|Voice=Act	_	_	_	@pvv1934m-words#@pvv1934m#87.702#88.054
78	ну	ну	PART	_	_	_	_	_	@pvv1934m-words#@pvv1934m#89.355#89.555
79	уж	уж	PART	_	_	_	_	_	@pvv1934m-words#@pvv1934m#89.555#89.755
80	да	да	PART	_	_	_	_	_	@pvv1934m-words#@pvv1934m#92.58#92.858
81	/	/	PUNCT	_	_	_	_	_	@pvv1934m-words#@pvv1934m#92.858#93.136
82	вы	вы	PRON	_	Case=Nom|Number=Plur|Person=2	_	_	_	@pvv1934m-words#@pvv1934m#93.136#93.414
83	ээ	ээ	X	_	Foreign=Yes	_	_	_	@pvv1934m-words#@pvv1934m#93.414#93.692
84	/	/	PUNCT	_	_	_	_	_	@pvv1934m-words#@pvv1934m#93.692#93.97
85	режиссер	режиссер	NOUN	_	Animacy=Anim|Case=Nom|Gender=Masc|Number=Sing	_	_	_	@pvv1934m-words#@pvv1934m#93.97#94.248
86	фильма	фильм	NOUN	_	Animacy=Inan|Case=Gen|Gender=Masc|Number=Sing	_	_	_	@pvv1934m-words#@pvv1934m#94.248#94.526
87	/	/	PUNCT	_	_	_	_	_	@pvv1934m-words#@pvv1934m#94.526#94.804
88	вы	вы	PRON	_	Case=Nom|Number=Plur|Person=2	_	_	_	@pvv1934m-words#@pvv1934m#94.804#95.082
89	сценарист	сценарист	NOUN	_	Animacy=Anim|Case=Nom|Gender=Masc|Number=Sing	_	_	_	@pvv1934m-words#@pvv1934m#95.082#95.36
90	фильма	фильм	NOUN	_	Animacy=Inan|Case=Gen|Gender=Masc|Number=Sing	_	_	_	@pvv1934m-words#@pvv1934m#95.36#95.638
91	/	/	PUNCT	_	_	_	_	_	@pvv1934m-words#@pvv1934m#95.638#95.916
92	вы	вы	PRON	_	Case=Nom|Number=Plur|Person=2	_	_	_	@pvv1934m-words#@pvv1934m#95.916#96.194
93	играете	играть	VERB	_	Aspect=Imp|Mood=Ind|Number=Plur|Person=2|Tense=Pres|VerbForm=Fin|Voice=Act	_	_	_	@pvv1934m-words#@pvv1934m#96.194#96.472
94	главную	главный	ADJ	_	Case=Acc|Degree=Pos|Gender=Fem|Number=Sing	_	_	_	@pvv1934m-words#@pvv1934m#96.472#96.75
95	роль	роль	NOUN	_	Animacy=Inan|Case=Acc|Gender=Fem|Number=Sing	_	_	_	@pvv1934m-words#@pvv1934m#96.75#97.028
96	/	/	PUNCT	_	_	_	_	_	@pvv1934m-words#@pvv1934m#97.028#97.306
97	так	так	ADV	_	Degree=Pos	_	_	_	@pvv1934m-words#@pvv1934m#97.306#97.584
98	что	что	SCONJ	_	_	_	_	_	@pvv1934m-words#@pvv1934m#97.584#97.862
99	можно	можно	ADV	_	Degree=Pos	_	_	_	@pvv1934m-words#@pvv1934m#97.862#98.14
100	действительно	действительно	ADV	_	Degree=Pos	_	_	_	@pvv1934m-words#@pvv1934m#98.14#98.418
101	считать	считать	VERB	_	Aspect=Imp|VerbForm=Inf|Voice=Act	_	_	_	@pvv1934m-words#@pvv1934m#98.418#98.696
102	что	что	PRON	_	Case=Acc	_	_	_	@pvv1934m-words#@pvv1934m#98.696#98.974
103	это	это	PRON	_	Animacy=Inan|Case=Acc|Gender=Neut|Number=Sing	_	_	_	@pvv1934m-words#@pvv1934m#98.974#99.252
104	ваша	ваш	DET	_	Case=Nom|Gender=Fem|Number=Sing	_	_	_	@pvv1934m-words#@pvv1934m#99.252#99.53
105	картина	картина	NOUN	_	Animacy=Inan|Case=Nom|Gender=Fem|Number=Sing	_	_	_	@pvv1934m-words#@pvv1934m#99.53#99.808
106	/	/	PUNCT	_	_	_	_	_	@pvv1934m-words#@pvv1934m#99.808#100.086
107	так	так	ADV	_	Degree=Pos	_	_	_	@pvv1934m-words#@pvv1934m#100.086#100.364
108	сказать	сказать	VERB	_	Aspect=Perf|VerbForm=Inf|Voice=Act	_	_	_	@pvv1934m-words#@pvv1934m#100.364#100.642
109	вот	вот	PART	_	_	_	_	_	@pvv1934m-words#@pvv1934m#100.642#100.92
110	насколько	насколько	ADV	_	Degree=Pos	_	_	_	@pvv1934m-words#@pvv1934m#100.92#101.198
111	это	это	PRON	_	Animacy=Inan|Case=Nom|Gender=Neut|Number=Sing	_	_	_	@pvv1934m-words#@pvv1934m#101.198#101.476
112	может	мочь	VERB	_	Aspect=Imp|Mood=Ind|Number=Sing|Person=3|Tense=Pres|VerbForm=Fin|Voice=Act	_	_	_	@pvv1934m-words#@pvv1934m#101.476#101.754
113	быть	быть	AUX	_	Aspect=Imp|VerbForm=Inf|Voice=Act	_	_	_	@pvv1934m-words#@pvv1934m#101.754#102.032
114	картина	картина	NOUN	_	Animacy=Inan|Case=Nom|Gender=Fem|Number=Sing	_	_	_	@pvv1934m-words#@pvv1934m#102.032#102.31
115	одного	один	NUM	_	Case=Gen|Gender=Masc	_	_	_	@pvv1934m-words#@pvv1934m#102.31#102.588
116	человека	человек	NOUN	_	Animacy=Anim|Case=Gen|Gender=Masc|Number=Sing	_	_	_	@pvv1934m-words#@pvv1934m#102.588#102.866
117	то	то	DET	_	Case=Acc|Gender=Neut|Number=Sing	_	_	_	@pvv1934m-words#@pvv1934m#102.866#103.144
118	это	это	PRON	_	Animacy=Inan|Case=Acc|Gender=Neut|Number=Sing	_	_	_	@pvv1934m-words#@pvv1934m#103.144#103.422
119	ваша	ваш	DET	_	Case=Nom|Gender=Fem|Number=Sing	_	_	_	@pvv1934m-words#@pvv1934m#103.422#103.7
120	картина	картина	NOUN	_	Animacy=Inan|Case=Nom|Gender=Fem|Number=Sing	_	_	_	@pvv1934m-words#@pvv1934m#103.7#104.008
121	ага	ага	NOUN	_	Animacy=Inan|Case=Gen|Gender=Masc|Number=Sing	_	_	_	@pvv1934m-words#@pvv1934m#112.129#112.517
122	ну	ну	PART	_	_	_	_	_	@pvv1934m-words#@pvv1934m#112.517#112.905
123	правильно	правильно	ADV	_	Degree=Pos	_	_	_	@pvv1934m-words#@pvv1934m#112.905#113.293
124	/	/	PUNCT	_	_	_	_	_	@pvv1934m-words#@pvv1934m#113.293#113.681
125	так	так	ADV	_	Degree=Pos	_	_	_	@pvv1934m-words#@pvv1934m#113.681#114.069
126	вот	вот	PART	_	_	_	_	_	@pvv1934m-words#@pvv1934m#114.069#114.457
127	у	у	ADP	_	_	_	_	_	@pvv1934m-words#@pvv1934m#114.457#114.845
128	меня	я	PRON	_	Case=Gen|Number=Sing|Person=1	_	_	_	@pvv1934m-words#@pvv1934m#114.845#115.233
129	такой	такой	DET	_	Case=Nom|Gender=Masc|Number=Sing	_	_	_	@pvv1934m-words#@pvv1934m#115.233#115.621
130	вопрос	вопрос	NOUN	_	Animacy=Inan|Case=Nom|Gender=Masc|Number=Sing	_	_	_	@pvv1934m-words#@pvv1934m#115.621#116.009
131	/	/	PUNCT	_	_	_	_	_	@pvv1934m-words#@pvv1934m#116.009#116.397
132	значит	значить	VERB	_	Aspect=Imp|Mood=Ind|Number=Sing|Person=3|Tense=Pres|VerbForm=Fin|Voice=Act	_	_	_	@pvv1934m-words#@pvv1934m#116.397#116.785
133	вы	вы	PRON	_	Case=Nom|Number=Plur|Person=2	_	_	_	@pvv1934m-words#@pvv1934m#116.785#117.173
134	в	в	ADP	_	_	_	_	_	@pvv1934m-words#@pvv1934m#117.173#117.561
135	этом	этот	DET	_	Case=Loc|Gender=Masc|Number=Sing	_	_	_	@pvv1934m-words#@pvv1934m#117.561#117.949
136	фильме	фильм	NOUN	_	Animacy=Inan|Case=Loc|Gender=Masc|Number=Sing	_	_	_	@pvv1934m-words#@pvv1934m#117.949#118.337
137	играете	играть	VERB	_	Aspect=Imp|Mood=Ind|Number=Plur|Person=2|Tense=Pres|VerbForm=Fin|Voice=Act	_	_	_	@pvv1934m-words#@pvv1934m#118.337#118.725
138	медсестру	медсестра	NOUN	_	Animacy=Inan|Case=Acc|Gender=Fem|Number=Sing	_	_	_	@pvv1934m-words#@pvv1934m#118.725#119.113
139	/	/	PUNCT	_	_	_	_	_	@pvv1934m-words#@pvv1934m#119.113#119.509
140	медработник	медработник	NOUN	_	Animacy=Anim|Case=Nom|Gender=Masc|Number=Sing	_	_	_	@pvv1934m-words#@pvv1934m#119.71#120.069
141	/	/	PUNCT	_	_	_	_	_	@pvv1934m-words#@pvv1934m#120.069#120.428
142	да	да	PART	_	_	_	_	_	@pvv1934m-words#@pvv1934m#120.428#120.787
143	/	/	PUNCT	_	_	_	_	_	@pvv1934m-words#@pvv1934m#120.787#121.146
144	Таня	Таня	PROPN	_	Animacy=Anim|Case=Nom|Gender=Masc|Number=Sing	_	_	_	@pvv1934m-words#@pvv1934m#121.146#121.505
145	неубивка	неубивка	NOUN	_	Animacy=Inan|Case=Nom|Gender=Fem|Number=Sing	_	_	_	@pvv1934m-words#@pvv1934m#121.505#121.864
146	которая	который	PRON	_	Case=Nom	_	_	_	@pvv1934m-words#@pvv1934m#121.864#122.223
147	на	на	ADP	_	_	_	_	_	@pvv1934m-words#@pvv1934m#122.223#122.582
148	самом	самый	ADJ	_	Case=Loc|Degree=Pos|Gender=Neut|Number=Sing	_	_	_	@pvv1934m-words#@pvv1934m#122.582#122.941
149	деле	дело	NOUN	_	Animacy=Inan|Case=Loc|Gender=Neut|Number=Sing	_	_	_	@pvv1934m-words#@pvv1934m#122.941#123.3
150	является	являться	VERB	_	Aspect=Imp|Mood=Ind|Number=Sing|Person=3|Tense=Pres|VerbForm=Fin|Voice=Mid	_	_	_	@pvv1934m-words#@pvv1934m#123.3#123.659
151	смертью	смерть	NOUN	_	Animacy=Inan|Case=Ins|Gender=Fem|Number=Sing	_	_	_	@pvv1934m-words#@pvv1934m#123.659#124.028
152	ну	ну	PART	_	_	_	_	_	@pvv1934m-words#@pvv1934m#171.14#171.457
153	вообще	вообще	ADV	_	Degree=Pos	_	_	_	@pvv1934m-words#@pvv1934m#171.457#171.774
154	/	/	PUNCT	_	_	_	_	_	@pvv1934m-words#@pvv1934m#171.774#172.091
155	тема	тема	NOUN	_	Animacy=Inan|Case=Nom|Gender=Fem|Number=Sing	_	_	_	@pvv1934m-words#@pvv1934m#172.091#172.408
156	смерти	смерть	NOUN	_	Animacy=Inan|Case=Gen|Gender=Fem|Number=Sing	_	_	_	@pvv1934m-words#@pvv1934m#172.408#172.725
157	вас	вы	PRON	_	Case=Gen|Number=Plur|Person=2	_	_	_	@pvv1934m-words#@pvv1934m#172.725#173.042
158	занимает	занимать	VERB	_	Aspect=Imp|Mood=Ind|Number=Sing|Person=3|Tense=Pres|VerbForm=Fin|Voice=Act	_	_	_	@pvv1934m-words#@pvv1934m#173.042#173.359
159	?	?	PUNCT	_	_	_	_	_	@pvv1934m-words#@pvv1934m#173.359#173.678
160	вот	вот	PART	_	_	_	_	_	@pvv1934m-words#@pvv1934m#193.852#194.294
161	вы	вы	PRON	_	Case=Nom|Number=Plur|Person=2	_	_	_	@pvv1934m-words#@pvv1934m#194.294#194.736
162	как-то	как-то	ADV	_	Degree=Pos	_	_	_	@pvv1934m-words#@pvv1934m#194.736#195.178
163	сказали	сказать	VERB	_	Aspect=Perf|Mood=Ind|Number=Plur|Tense=Past|VerbForm=Fin|Voice=Act	_	_	_	@pvv1934m-words#@pvv1934m#195.178#195.62
164	так	так	ADV	_	Degree=Pos	_	_	_	@pvv1934m-words#@pvv1934m#195.62#196.062
165	что	что	SCONJ	_	_	_	_	_	@pvv1934m-words#@pvv1934m#196.062#196.504
166	вы	вы	PRON	_	Case=Nom|Number=Plur|Person=2	_	_	_	@pvv1934m-words#@pvv1934m#196.504#196.946
167	смерти	смерть	NOUN	_	Animacy=Inan|Case=Gen|Gender=Fem|Number=Sing	_	_	_	@pvv1934m-words#@pvv1934m#196.946#197.388
168	не	не	PART	_	_	_	_	_	@pvv1934m-words#@pvv1934m#197.388#197.83
169	боитесь	бояться	VERB	_	Aspect=Imp|Mood=Ind|Number=Plur|Person=2|Tense=Pres|VerbForm=Fin|Voice=Mid	_	_	_	@pvv1934m-words#@pvv1934m#197.83#198.272
170	вы	вы	PRON	_	Case=Nom|Number=Plur|Person=2	_	_	_	@pvv1934m-words#@pvv1934m#198.272#198.714
171	боитесь	бояться	VERB	_	Aspect=Imp|Mood=Ind|Number=Plur|Person=2|Tense=Pres|VerbForm=Fin|Voice=Mid	_	_	_	@pvv1934m-words#@pvv1934m#198.714#199.156
172	бессмертия	бессмертие	NOUN	_	Animacy=Inan|Case=Acc|Gender=Neut|Number=Plur	_	_	_	@pvv1934m-words#@pvv1934m#199.156#199.601
173	вот	вот	PART	_	_	_	_	_	@pvv1934m-words#@pvv1934m#200.169#200.383
174	это	это	PRON	_	Animacy=Inan|Case=Acc|Gender=Neut|Number=Sing	_	_	_	@pvv1934m-words#@pvv1934m#200.383#200.597
175	как	как	SCONJ	_	_	_	_	_	@pvv1934m-words#@pvv1934m#200.597#200.811
176	понимать	понимать	VERB	_	Aspect=Imp|VerbForm=Inf|Voice=Act	_	_	_	@pvv1934m-words#@pvv1934m#200.811#201.025
177	?	?	PUNCT	_	_	_	_	_	@pvv1934m-words#@pvv1934m#201.025#201.239
178	вы	вы	PRON	_	Case=Nom|Number=Plur|Person=2	_	_	_	@pvv1934m-words#@pvv1934m#202.43#202.624
179	на	на	ADP	_	_	_	_	_	@pvv1934m-words#@pvv1934m#202.624#202.818
180	самом	самый	ADJ	_	Case=Loc|Degree=Pos|Gender=Neut|Number=Sing	_	_	_	@pvv1934m-words#@pvv1934m#202.818#203.012
181	деле	дело	NOUN	_	Animacy=Inan|Case=Loc|Gender=Neut|Number=Sing	_	_	_	@pvv1934m-words#@pvv1934m#203.012#203.206
182	ее	она	PRON	_	Case=Gen|Gender=Fem|Number=Sing|Person=3	_	_	_	@pvv1934m-words#@pvv1934m#203.206#203.4
183	не	не	PART	_	_	_	_	_	@pvv1934m-words#@pvv1934m#203.4#203.594
184	боитесь	бояться	VERB	_	Aspect=Imp|Mood=Ind|Number=Plur|Person=2|Tense=Pres|VerbForm=Fin|Voice=Mid	_	_	_	@pvv1934m-words#@pvv1934m#203.594#203.788
185	?	?	PUNCT	_	_	_	_	_	@pvv1934m-words#@pvv1934m#203.788#203.989
186	я	я	PRON	_	Case=Nom|Number=Sing|Person=1	_	_	_	@pvv1934m-words#@pvv1934m#224.24#224.543
187	да	да	PART	_	_	_	_	_	@pvv1934m-words#@pvv1934m#224.543#224.847
188	я	я	PRON	_	Case=Nom|Number=Sing|Person=1	_	_	_	@pvv1934m-words#@pvv1934m#227.148#227.647
189	абсолютно	абсолютно	ADV	_	Degree=Pos	_	_	_	@pvv1934m-words#@pvv1934m#227.647#228.146
190	точно	точно	ADV	_	Degree=Pos	_	_	_	@pvv1934m-words#@pvv1934m#228.146#228.645
191	знаю	знать	VERB	_	Aspect=Imp|Mood=Ind|Number=Sing|Person=1|Tense=Pres|VerbForm=Fin|Voice=Act	_	_	_	@pvv1934m-words#@pvv1934m#228.645#229.144
192	что	что	PRON	_	Case=Nom	_	_	_	@pvv1934m-words#@pvv1934m#229.144#229.647
193	нет	нет	PART	_	_	_	_	_	@pvv1934m-words#@pvv1934m#230.46#230.679
194	нет	нет	VERB	_	Aspect=Imp|Mood=Ind|Number=Sing|Person=3|Tense=Pres|VerbForm=Fin|Voice=Act	_	_	_	@pvv1934m-words#@pvv1934m#230.679#230.898
195	/	/	PUNCT	_	_	_	_	_	@pvv1934m-words#@pvv1934m#230.898#231.117
196	я	я	PRON	_	Case=Nom|Number=Sing|Person=1	_	_	_	@pvv1934m-words#@pvv1934m#231.117#231.336
197	знаю	знать	VERB	_	Aspect=Imp|Mood=Ind|Number=Sing|Person=1|Tense=Pres|VerbForm=Fin|Voice=Act	_	_	_	@pvv1934m-words#@pvv1934m#231.336#231.555
198	что	что	PRON	_	Case=Nom	_	_	_	@pvv1934m-words#@pvv1934m#231.555#231.774
199	есть	быть	AUX	_	Aspect=Imp|Mood=Ind|Number=Sing|Person=3|Tense=Pres|VerbForm=Fin|Voice=Act	_	_	_	@pvv1934m-words#@pvv1934m#231.774#231.993
200	смерть	смерть	NOUN	_	Animacy=Inan|Case=Nom|Gender=Fem|Number=Sing	_	_	_	@pvv1934m-words#@pvv1934m#231.993#232.212
201	/	/	PUNCT	_	_	_	_	_	@pvv1934m-words#@pvv1934m#232.212#232.431
202	я	я	PRON	_	Case=Nom|Number=Sing|Person=1	_	_	_	@pvv1934m-words#@pvv1934m#232.431#232.65
203	ж	же	PART	_	_	_	_	_	@pvv1934m-words#@pvv1934m#232.65#232.869
204	все-таки	все-таки	PART	_	_	_	_	_	@pvv1934m-words#@pvv1934m#232.869#233.088
205	биолог	биолог	NOUN	_	Animacy=Anim|Case=Nom|Gender=Masc|Number=Sing	_	_	_	@pvv1934m-words#@pvv1934m#233.088#233.307
206	еще	еще	ADV	_	Degree=Pos	_	_	_	@pvv1934m-words#@pvv1934m#233.307#233.526
207	#смеется#	#смеется#	NOUN	_	Animacy=Inan|Case=Gen|Gender=Fem|Number=Sing	_	_	_	@pvv1934m-words#@pvv1934m#233.526#233.745
208	к	к	ADP	_	_	_	_	_	@pvv1934m-words#@pvv1934m#233.745#233.964
209	тому	то	PRON	_	Animacy=Inan|Case=Dat|Gender=Neut|Number=Sing	_	_	_	@pvv1934m-words#@pvv1934m#233.964#234.183
210	же	же	PART	_	_	_	_	_	@pvv1934m-words#@pvv1934m#234.183#234.402
211	/	/	PUNCT	_	_	_	_	_	@pvv1934m-words#@pvv1934m#234.402#234.621
212	да	да	PART	_	_	_	_	_	@pvv1934m-words#@pvv1934m#234.621#234.84
213	?	?	PUNCT	_	_	_	_	_	@pvv1934m-words#@pvv1934m#234.84#235.059
214	/	/	PUNCT	_	_	_	_	_	@pvv1934m-words#@pvv1934m#235.059#235.278
215	я	я	PRON	_	Case=Nom|Number=Sing|Person=1	_	_	_	@pvv1934m-words#@pvv1934m#235.278#235.497
216	ее	она	PRON	_	Case=Gen|Gender=Fem|Number=Sing|Person=3	_	_	_	@pvv1934m-words#@pvv1934m#235.497#235.716
217	не	не	PART	_	_	_	_	_	@pvv1934m-words#@pvv1934m#235.716#235.935
218	боюсь	бояться	VERB	_	Aspect=Imp|Mood=Ind|Number=Sing|Person=1|Tense=Pres|VerbForm=Fin|Voice=Mid	_	_	_	@pvv1934m-words#@pvv1934m#235.935#236.154
219	/	/	PUNCT	_	_	_	_	_	@pvv1934m-words#@pvv1934m#236.154#236.373
220	но	но	CCONJ	_	_	_	_	_	@pvv1934m-words#@pvv1934m#236.373#236.592
221	я	я	PRON	_	Case=Nom|Number=Sing|Person=1	_	_	_	@pvv1934m-words#@pvv1934m#236.592#236.811
222	понимаю	понимать	VERB	_	Aspect=Imp|Mood=Ind|Number=Sing|Person=1|Tense=Pres|VerbForm=Fin|Voice=Act	_	_	_	@pvv1934m-words#@pvv1934m#236.811#237.03
223	что	что	SCONJ	_	_	_	_	_	@pvv1934m-words#@pvv1934m#237.03#237.249
224	это	это	PRON	_	Animacy=Inan|Case=Nom|Gender=Neut|Number=Sing	_	_	_	@pvv1934m-words#@pvv1934m#237.249#237.468
225	конец	конец	NOUN	_	Animacy=Inan|Case=Nom|Gender=Masc|Number=Sing	_	_	_	@pvv1934m-words#@pvv1934m#237.468#237.687
226	/	/	PUNCT	_	_	_	_	_	@pvv1934m-words#@pvv1934m#237.687#237.906
227	для	для	ADP	_	_	_	_	_	@pvv1934m-words#@pvv1934m#237.906#238.125
228	меня	я	PRON	_	Case=Gen|Number=Sing|Person=1	_	_	_	@pvv1934m-words#@pvv1934m#238.125#238.344
229	/	/	PUNCT	_	_	_	_	_	@pvv1934m-words#@pvv1934m#238.344#238.582
230	да	да	PART	_	_	_	_	_	@pvv1934m-words#@pvv1934m#240.22#240.431
231	у	у	ADP	_	_	_	_	_	@pvv1934m-words#@pvv1934m#240.431#240.642
232	меня	я	PRON	_	Case=Gen|Number=Sing|Person=1	_	_	_	@pvv1934m-words#@pvv1934m#240.642#240.853
233	нет	нет	VERB	_	Aspect=Imp|Mood=Ind|Number=Sing|Person=3|Tense=Pres|VerbForm=Fin|Voice=Act	_	_	_	@pvv1934m-words#@pvv1934m#240.853#241.064
234	никакой	никакой	DET	_	Case=Gen|Gender=Fem|Number=Sing	_	_	_	@pvv1934m-words#@pvv1934m#241.064#241.275
235	души	душа	NOUN	_	Animacy=Inan|Case=Gen|Gender=Fem|Number=Sing	_	_	_	@pvv1934m-words#@pvv1934m#241.275#241.486
236	/	/	PUNCT	_	_	_	_	_	@pvv1934m-words#@pvv1934m#241.486#241.697
237	ни	ни	CCONJ	_	_	_	_	_	@pvv1934m-words#@pvv1934m#241.697#241.908
238	у	у	ADP	_	_	_	_	_	@pvv1934m-words#@pvv1934m#241.908#242.119
239	кого	кто	PRON	_	Case=Gen	_	_	_	@pvv1934m-words#@pvv1934m#242.119#242.33
240	нет	нет	VERB	_	Aspect=Imp|Mood=Ind|Number=Sing|Person=3|Tense=Pres|VerbForm=Fin|Voice=Act	_	_	_	@pvv1934m-words#@pvv1934m#242.33#242.55
241	на	на	ADP	_	_	_	_	_	@pvv1934m-words#@pvv1934m#243.624#243.86
242	мой	мой	DET	_	Case=Acc|Gender=Masc|Number=Sing	_	_	_	@pvv1934m-words#@pvv1934m#243.86#244.096
243	взгляд	взгляд	NOUN	_	Animacy=Inan|Case=Acc|Gender=Masc|Number=Sing	_	_	_	@pvv1934m-words#@pvv1934m#244.096#244.332
244	/	/	PUNCT	_	_	_	_	_	@pvv1934m-words#@pvv1934m#244.332#244.568
245	но	но	CCONJ	_	_	_	_	_	@pvv1934m-words#@pvv1934m#244.568#244.804
246	это	это	PRON	_	Animacy=Inan|Case=Nom|Gender=Neut|Number=Sing	_	_	_	@pvv1934m-words#@pvv1934m#244.804#245.04
247	не	не	PART	_	_	_	_	_	@pvv1934m-words#@pvv1934m#245.04#245.276
248	важно	важный	ADJ	_	Degree=Pos|Gender=Neut|Number=Sing|Variant=Short	_	_	_	@pvv1934m-words#@pvv1934m#245.276#245.512
249	/	/	PUNCT	_	_	_	_	_	@pvv1934m-words#@pvv1934m#245.512#245.748
250	я	я	PRON	_	Case=Nom|Number=Sing|Person=1	_	_	_	@pvv1934m-words#@pvv1934m#245.748#245.984
251	не	не	PART	_	_	_	_	_	@pvv1934m-words#@pvv1934m#245.984#246.22
252	хочу	хотеть	VERB	_	Aspect=Imp|Mood=Ind|Number=Sing|Person=1|Tense=Pres|VerbForm=Fin|Voice=Act	_	_	_	@pvv1934m-words#@pvv1934m#246.22#246.456
253	ничего	ничто	PRON	_	Case=Gen	_	_	_	@pvv1934m-words#@pvv1934m#246.456#246.692
254	/	/	PUNCT	_	_	_	_	_	@pvv1934m-words#@pvv1934m#246.692#246.928
255	не	не	PART	_	_	_	_	_	@pvv1934m-words#@pvv1934m#246.928#247.164
256	хочу	хотеть	VERB	_	Aspect=Imp|Mood=Ind|Number=Sing|Person=1|Tense=Pres|VerbForm=Fin|Voice=Act	_	_	_	@pvv1934m-words#@pvv1934m#247.164#247.4
257	навязывать	навязать	VERB	_	Aspect=Imp|VerbForm=Inf|Voice=Act	_	_	_	@pvv1934m-words#@pvv1934m#247.4#247.636
258	это	это	PRON	_	Animacy=Inan|Case=Acc|Gender=Neut|Number=Sing	_	_	_	@pvv1934m-words#@pvv1934m#247.636#247.882
259	ну	ну	PART	_	_	_	_	_	@pvv1934m-words#@pvv1934m#249.7#250.036
260	вот	вот	PART	_	_	_	_	_	@pvv1934m-words#@pvv1934m#250.036#250.372
261	оч	оч	NOUN	_	Animacy=Inan|Case=Nom|Gender=Masc|Number=Sing	_	_	_	@pvv1934m-words#@pvv1934m#250.372#250.708
262	хорошо	хорошо	ADV	_	Degree=Pos	_	_	_	@pvv1934m-words#@pvv1934m#250.708#251.047
263	ну	ну	PART	_	_	_	_	_	@pvv1934m-words#@pvv1934m#251.21#251.517
264	на	на	ADP	_	_	_	_	_	@pvv1934m-words#@pvv1934m#251.517#251.824
265	самом	самый	ADJ	_	Case=Loc|Degree=Pos|Gender=Neut|Number=Sing	_	_	_	@pvv1934m-words#@pvv1934m#251.824#252.131
266	деле	дело	NOUN	_	Animacy=Inan|Case=Loc|Gender=Neut|Number=Sing	_	_	_	@pvv1934m-words#@pvv1934m#252.131#252.438
267	/	/	PUNCT	_	_	_	_	_	@pvv1934m-words#@pvv1934m#252.438#252.745
268	это	это	PRON	_	Animacy=Inan|Case=Nom|Gender=Neut|Number=Sing	_	_	_	@pvv1934m-words#@pvv1934m#252.745#253.052
269	вот	вот	PART	_	_	_	_	_	@pvv1934m-words#@pvv1934m#253.052#253.359
270	была	быть	AUX	_	Aspect=Imp|Gender=Fem|Mood=Ind|Number=Sing|Tense=Past|VerbForm=Fin|Voice=Act	_	_	_	@pvv1934m-words#@pvv1934m#253.359#253.666
271	просто	просто	PART	_	_	_	_	_	@pvv1934m-words#@pvv1934m#253.666#253.973
272	красивая	красивый	ADJ	_	Case=Nom|Degree=Pos|Gender=Fem|Number=Sing	_	_	_	@pvv1934m-words#@pvv1934m#253.973#254.28
273	фраза	фраза	NOUN	_	Animacy=Inan|Case=Nom|Gender=Fem|Number=Sing	_	_	_	@pvv1934m-words#@pvv1934m#254.28#254.587
274	что	что	PRON	_	Case=Acc	_	_	_	@pvv1934m-words#@pvv1934m#254.587#254.894
275	вы	вы	PRON	_	Case=Nom|Number=Plur|Person=2	_	_	_	@pvv1934m-words#@pvv1934m#254.894#255.201
276	боитесь	бояться	VERB	_	Aspect=Imp|Mood=Ind|Number=Plur|Person=2|Tense=Pres|VerbForm=Fin|Voice=Mid	_	_	_	@pvv1934m-words#@pvv1934m#255.201#255.508
277	бессмертия	бессмертие	NOUN	_	Animacy=Inan|Case=Nom|Gender=Fem|Number=Sing	_	_	_	@pvv1934m-words#@pvv1934m#255.508#255.815
278	?	?	PUNCT	_	_	_	_	_	@pvv1934m-words#@pvv1934m#255.815#256.122
279	/	/	PUNCT	_	_	_	_	_	@pvv1934m-words#@pvv1934m#256.122#256.436
280	красивая	красивый	ADJ	_	Case=Nom|Degree=Pos|Gender=Fem|Number=Sing	_	_	_	@pvv1934m-words#@pvv1934m#259.697#260.101
281	вообще	вообще	ADV	_	Degree=Pos	_	_	_	@pvv1934m-words#@pvv1934m#260.101#260.505
282	смерть	смерть	NOUN	_	Animacy=Inan|Case=Nom|Gender=Fem|Number=Sing	_	_	_	@pvv1934m-words#@pvv1934m#267.81#268.161
283	это	этот	PRON	_	Animacy=Inan|Case=Nom|Gender=Neut|Number=Sing	_	_	_	@pvv1934m-words#@pvv1934m#268.161#268.512
284	ну	ну	PART	_	_	_	_	_	@pvv1934m-words#@pvv1934m#268.512#268.863
285	то	то	PRON	_	Animacy=Inan|Case=Nom|Gender=Neut|Number=Sing	_	_	_	@pvv1934m-words#@pvv1934m#268.863#269.214
286	куда	куда	ADV	_	Degree=Pos	_	_	_	@pvv1934m-words#@pvv1934m#269.214#269.565
287	мы	мы	PRON	_	Case=Nom|Number=Plur|Person=1	_	_	_	@pvv1934m-words#@pvv1934m#269.565#269.916
288	все	весь	DET	_	Case=Nom|Number=Plur	_	_	_	@pvv1934m-words#@pvv1934m#269.916#270.267
289	идем	идти	VERB	_	Aspect=Imp|Mood=Ind|Number=Plur|Person=1|Tense=Pres|VerbForm=Fin|Voice=Act	_	_	_	@pvv1934m-words#@pvv1934m#270.267#270.618
290	и	и	CCONJ	_	_	_	_	_	@pvv1934m-words#@pvv1934m#270.618#270.969
291	чем	что	PRON	_	Case=Ins	_	_	_	@pvv1934m-words#@pvv1934m#270.969#271.32
292	все	все	PRON	_	Animacy=Inan|Case=Nom|Gender=Neut|Number=Sing	_	_	_	@pvv1934m-words#@pvv1934m#271.32#271.671
293	кончается	кончаться	VERB	_	Aspect=Imp|Mood=Ind|Number=Sing|Person=3|Tense=Pres|VerbForm=Fin|Voice=Mid	_	_	_	@pvv1934m-words#@pvv1934m#271.671#272.022
294	по	по	ADP	_	_	_	_	_	@pvv1934m-words#@pvv1934m#272.022#272.373
295	крайней	крайний	ADJ	_	Case=Dat|Degree=Pos|Gender=Fem|Number=Sing	_	_	_	@pvv1934m-words#@pvv1934m#272.373#272.724
296	мере	мера	NOUN	_	Animacy=Inan|Case=Dat|Gender=Fem|Number=Sing	_	_	_	@pvv1934m-words#@pvv1934m#272.724#273.075
297	на	на	ADP	_	_	_	_	_	@pvv1934m-words#@pvv1934m#273.075#273.426
298	земле	земля	NOUN	_	Animacy=Inan|Case=Loc|Gender=Fem|Number=Sing	_	_	_	@pvv1934m-words#@pvv1934m#273.426#273.777
299	/	/	PUNCT	_	_	_	_	_	@pvv1934m-words#@pvv1934m#273.777#274.128
300	насколько	насколько	SCONJ	_	_	_	_	_	@pvv1934m-words#@pvv1934m#274.128#274.479
301	нам	мы	PRON	_	Case=Dat|Number=Plur|Person=1	_	_	_	@pvv1934m-words#@pvv1934m#274.479#274.83
302	известно	известный	ADJ	_	Degree=Pos|Gender=Neut|Number=Sing|Variant=Short	_	_	_	@pvv1934m-words#@pvv1934m#274.83#275.181
303	/	/	PUNCT	_	_	_	_	_	@pvv1934m-words#@pvv1934m#275.181#275.541
304	да	да	PART	_	_	_	_	_	@pvv1934m-words#@pvv1934m#280.66#280.842
305	/	/	PUNCT	_	_	_	_	_	@pvv1934m-words#@pvv1934m#280.842#281.024
306	если	если	SCONJ	_	_	_	_	_	@pvv1934m-words#@pvv1934m#281.024#281.206
307	есть	быть	VERB	_	Aspect=Imp|Mood=Ind|Number=Sing|Person=3|Tense=Pres|VerbForm=Fin|Voice=Act	_	_	_	@pvv1934m-words#@pvv1934m#281.206#281.388
308	переход	перехода	NOUN	_	Animacy=Inan|Case=Nom|Gender=Masc|Number=Sing	_	_	_	@pvv1934m-words#@pvv1934m#281.388#281.57
309	то	то	SCONJ	_	_	_	_	_	@pvv1934m-words#@pvv1934m#281.57#281.752
310	да	да	PART	_	_	_	_	_	@pvv1934m-words#@pvv1934m#281.752#281.934
311	/	/	PUNCT	_	_	_	_	_	@pvv1934m-words#@pvv1934m#281.934#282.116
312	а	а	CCONJ	_	_	_	_	_	@pvv1934m-words#@pvv1934m#282.116#282.298
313	если	если	SCONJ	_	_	_	_	_	@pvv1934m-words#@pvv1934m#282.298#282.48
314	нет	нет	PART	_	_	_	_	_	@pvv1934m-words#@pvv1934m#282.48#282.662
315	то	то	PRON	_	Animacy=Inan|Case=Nom|Gender=Neut|Number=Sing	_	_	_	@pvv1934m-words#@pvv1934m#282.662#282.844
316	все	все	PRON	_	Animacy=Inan|Case=Nom|Gender=Neut|Number=Sing	_	_	_	@pvv1934m-words#@pvv1934m#282.844#283.026
317	равно	равный	ADJ	_	Degree=Pos|Gender=Neut|Number=Sing|Variant=Short	_	_	_	@pvv1934m-words#@pvv1934m#283.026#283.208
318	так	так	ADV	_	Degree=Pos	_	_	_	@pvv1934m-words#@pvv1934m#283.208#283.39
319	/	/	PUNCT	_	_	_	_	_	@pvv1934m-words#@pvv1934m#283.39#283.572
320	ну	н	PART	_	_	_	_	_	@pvv1934m-words#@pvv1934m#283.572#283.754
321	и	и	PART	_	_	_	_	_	@pvv1934m-words#@pvv1934m#283.754#283.936
322	смотрите	смотреть	VERB	_	Aspect=Imp|Mood=Imp|Number=Plur|Person=2|VerbForm=Fin|Voice=Act	_	_	_	@pvv1934m-words#@pvv1934m#283.936#284.118
323	/	/	PUNCT	_	_	_	_	_	@pvv1934m-words#@pvv1934m#284.118#284.318
324	до	до	ADP	_	_	_	_	_	@pvv1934m-words#@pvv1934m#284.87#285.217
325	этого	это	PRON	_	Animacy=Inan|Case=Gen|Gender=Neut|Number=Sing	_	_	_	@pvv1934m-words#@pvv1934m#285.217#285.564
326	/	/	PUNCT	_	_	_	_	_	@pvv1934m-words#@pvv1934m#285.564#285.911
327	ну	ну	PART	_	_	_	_	_	@pvv1934m-words#@pvv1934m#285.911#286.258
328	/	/	PUNCT	_	_	_	_	_	@pvv1934m-words#@pvv1934m#286.258#286.605
329	почти	почти	ADV	_	Degree=Pos	_	_	_	@pvv1934m-words#@pvv1934m#286.605#286.952
330	у	у	ADP	_	_	_	_	_	@pvv1934m-words#@pvv1934m#286.952#287.299
331	всех	все	PRON	_	Animacy=Anim|Case=Gen|Number=Plur	_	_	_	@pvv1934m-words#@pvv1934m#287.299#287.646
332	/	/	PUNCT	_	_	_	_	_	@pvv1934m-words#@pvv1934m#287.646#287.993
333	не	не	PART	_	_	_	_	_	@pvv1934m-words#@pvv1934m#287.993#288.34
334	у	у	ADP	_	_	_	_	_	@pvv1934m-words#@pvv1934m#288.34#288.687
335	всех	все	PRON	_	Animacy=Anim|Case=Gen|Number=Plur	_	_	_	@pvv1934m-words#@pvv1934m#288.687#289.034
336	/	/	PUNCT	_	_	_	_	_	@pvv1934m-words#@pvv1934m#289.034#289.381
337	но	но	CCONJ	_	_	_	_	_	@pvv1934m-words#@pvv1934m#289.381#289.728
338	почти	почти	ADV	_	Degree=Pos	_	_	_	@pvv1934m-words#@pvv1934m#289.728#290.075
339	у	у	ADP	_	_	_	_	_	@pvv1934m-words#@pvv1934m#290.075#290.422
340	всех	все	PRON	_	Animacy=Anim|Case=Gen|Number=Plur	_	_	_	@pvv1934m-words#@pvv1934m#290.422#290.769
341	/	/	PUNCT	_	_	_	_	_	@pvv1934m-words#@pvv1934m#290.769#291.116
342	аа	а	NOUN	_	Animacy=Inan|Case=Gen|Gender=Masc|Number=Sing	_	_	_	@pvv1934m-words#@pvv1934m#291.116#291.463
343	/	/	PUNCT	_	_	_	_	_	@pvv1934m-words#@pvv1934m#291.463#291.81
344	наступает	наступать	VERB	_	Aspect=Imp|Mood=Ind|Number=Sing|Person=3|Tense=Pres|VerbForm=Fin|Voice=Act	_	_	_	@pvv1934m-words#@pvv1934m#291.81#292.157
345	старость	старость	NOUN	_	Animacy=Inan|Case=Nom|Gender=Fem|Number=Sing	_	_	_	@pvv1934m-words#@pvv1934m#292.157#292.504
346	/	/	PUNCT	_	_	_	_	_	@pvv1934m-words#@pvv1934m#292.504#292.859
347	некоторые	некоторый	DET	_	Case=Nom|Number=Plur	_	_	_	@pvv1934m-words#@pvv1934m#292.91#293.22
348	умирают	умирать	VERB	_	Aspect=Imp|Mood=Ind|Number=Plur|Person=3|Tense=Pres|VerbForm=Fin|Voice=Act	_	_	_	@pvv1934m-words#@pvv1934m#293.22#293.53
349	молодыми	молодой	ADJ	_	Case=Ins|Degree=Pos|Number=Plur	_	_	_	@pvv1934m-words#@pvv1934m#293.53#293.84
350	/	/	PUNCT	_	_	_	_	_	@pvv1934m-words#@pvv1934m#293.84#294.15
351	но	но	CCONJ	_	_	_	_	_	@pvv1934m-words#@pvv1934m#294.15#294.46
352	все-таки	все-таки	PART	_	_	_	_	_	@pvv1934m-words#@pvv1934m#294.46#294.77
353	чаще	часто	ADV	_	Degree=Cmp	_	_	_	@pvv1934m-words#@pvv1934m#294.77#295.08
354	старость	старость	NOUN	_	Animacy=Inan|Case=Nom|Gender=Fem|Number=Sing	_	_	_	@pvv1934m-words#@pvv1934m#295.08#295.39
355	/	/	PUNCT	_	_	_	_	_	@pvv1934m-words#@pvv1934m#295.39#295.7
356	/	/	PUNCT	_	_	_	_	_	@pvv1934m-words#@pvv1934m#295.7#296.01
357	вот	вот	PART	_	_	_	_	_	@pvv1934m-words#@pvv1934m#296.01#296.32
358	как	как	ADV	_	Degree=Pos	_	_	_	@pvv1934m-words#@pvv1934m#296.32#296.63
359	вы	вы	PRON	_	Case=Nom|Number=Plur|Person=2	_	_	_	@pvv1934m-words#@pvv1934m#296.63#296.94
360	к	к	ADP	_	_	_	_	_	@pvv1934m-words#@pvv1934m#296.94#297.25
361	старости	староста	NOUN	_	Animacy=Inan|Case=Dat|Gender=Fem|Number=Sing	_	_	_	@pvv1934m-words#@pvv1934m#297.25#297.56
362	относитесь	относиться	VERB	_	Aspect=Imp|Mood=Ind|Number=Plur|Person=2|Tense=Pres|VerbForm=Fin|Voice=Mid	_	_	_	@pvv1934m-words#@pvv1934m#297.56#297.87
363	?	?	PUNCT	_	_	_	_	_	@pvv1934m-words#@pvv1934m#297.87#298.18
364	плохо	плохой	ADV	_	Degree=Pos	_	_	_	@pvv1934m-words#@pvv1934m#302.67#302.92
365	?	?	PUNCT	_	_	_	_	_	@pvv1934m-words#@pvv1934m#302.92#303.17
366	добрый	добрый	ADJ	_	Case=Nom|Degree=Pos|Gender=Masc|Number=Sing	_	_	_	@rml1967f-words#@rml1967f#29.06#29.33
367	вечер	вечер	NOUN	_	Animacy=Inan|Case=Nom|Gender=Masc|Number=Sing	_	_	_	@rml1967f-words#@rml1967f#29.33#29.6
368	/	/	PUNCT	_	_	_	_	_	@rml1967f-words#@rml1967f#29.6#29.87
369	здрасьте	здрасьт	VERB	_	Aspect=Perf|Mood=Imp|Number=Plur|Person=2|VerbForm=Fin|Voice=Act	_	_	_	@rml1967f-words#@rml1967f#29.87#30.14
370	/	/	PUNCT	_	_	_	_	_	@rml1967f-words#@rml1967f#30.14#30.41
371	ну	ну	PART	_	_	_	_	_	@rml1967f-words#@rml1967f#32.29#32.538
372	да	да	PART	_	_	_	_	_	@rml1967f-words#@rml1967f#32.538#32.786
373	/	/	PUNCT	_	_	_	_	_	@rml1967f-words#@rml1967f#32.786#33.034
374	такая	такой	DET	_	Case=Nom|Gender=Fem|Number=Sing	_	_	_	@rml1967f-words#@rml1967f#33.034#33.282
375	/	/	PUNCT	_	_	_	_	_	@rml1967f-words#@rml1967f#33.282#33.53
376	/	/	PUNCT	_	_	_	_	_	@rml1967f-words#@rml1967f#33.53#33.78
377	одновременно	одновременно	ADV	_	Degree=Pos	_	_	_	@rml1967f-words#@rml1967f#33.78#34.466
378	все	весь	DET	_	Case=Acc|Number=Plur	_	_	_	@rml1967f-words#@rml1967f#34.466#35.152
379	стихии	стихия	NOUN	_	Animacy=Inan|Case=Acc|Gender=Fem|Number=Plur	_	_	_	@rml1967f-words#@rml1967f#35.152#35.84
380	тяжеловато	тяжеловато	CCONJ	_	_	_	_	_	@rml1967f-words#@rml1967f#35.84#36.43
381	не	не	PART	_	_	_	_	_	@rml1967f-words#@rml1967f#42.81#42.961
382	кстати	кстати	ADV	_	Degree=Pos	_	_	_	@rml1967f-words#@rml1967f#42.961#43.112
383	я	я	PRON	_	Case=Nom|Number=Sing|Person=1	_	_	_	@rml1967f-words#@rml1967f#43.112#43.263
384	не	не	PART	_	_	_	_	_	@rml1967f-words#@rml1967f#43.263#43.414
385	завишу	завишить	VERB	_	Aspect=Imp|Mood=Ind|Number=Sing|Person=1|Tense=Pres|VerbForm=Fin|Voice=Act	_	_	_	@rml1967f-words#@rml1967f#43.414#43.565
386	от	от	ADP	_	_	_	_	_	@rml1967f-words#@rml1967f#43.565#43.716
387	погоды	погода	NOUN	_	Animacy=Inan|Case=Gen|Gender=Fem|Number=Sing	_	_	_	@rml1967f-words#@rml1967f#43.716#43.867
388	/	/	PUNCT	_	_	_	_	_	@rml1967f-words#@rml1967f#43.867#44.02
389	совсем	совсем	ADV	_	Degree=Pos	_	_	_	@rml1967f-words#@rml1967f#44.96#45.275
390	нет	нет	PART	_	_	_	_	_	@rml1967f-words#@rml1967f#45.275#45.59
391	?	?	PUNCT	_	_	_	_	_	@rml1967f-words#@rml1967f#45.59#45.905
392	ну	ну	PART	_	_	_	_	_	@rml1967f-words#@rml1967f#58.89#59.223
393	да	да	PART	_	_	_	_	_	@rml1967f-words#@rml1967f#59.223#59.556
394	если	если	SCONJ	_	_	_	_	_	@rml1967f-words#@rml1967f#59.556#59.889
395	я	я	PRON	_	Case=Nom|Number=Sing|Person=1	_	_	_	@rml1967f-words#@rml1967f#59.889#60.222
396	себя	себя	PRON	_	Case=Acc	_	_	_	@rml1967f-words#@rml1967f#60.222#60.555
397	за	за	ADP	_	_	_	_	_	@rml1967f-words#@rml1967f#60.555#60.888
398	что-то	что-то	PRON	_	Case=Acc	_	_	_	@rml1967f-words#@rml1967f#60.888#61.221
399	и	и	PART	_	_	_	_	_	@rml1967f-words#@rml1967f#61.221#61.554
400	осуждаю	осуждать	VERB	_	Aspect=Imp|Mood=Ind|Number=Sing|Person=1|Tense=Pres|VerbForm=Fin|Voice=Act	_	_	_	@rml1967f-words#@rml1967f#61.554#61.887
401	то	то	PRON	_	Animacy=Inan|Case=Acc|Gender=Neut|Number=Sing	_	_	_	@rml1967f-words#@rml1967f#61.887#62.22
402	конечно	конечно	ADV	_	Degree=Pos	_	_	_	@rml1967f-words#@rml1967f#62.22#62.553
403	за	за	ADP	_	_	_	_	_	@rml1967f-words#@rml1967f#62.553#62.886
404	эти	этот	DET	_	Case=Acc|Number=Plur	_	_	_	@rml1967f-words#@rml1967f#62.886#63.229
405	интервью	интервью	NOUN	_	Animacy=Inan|Case=Acc|Gender=Neut|Number=Sing	_	_	_	@rml1967f-words#@rml1967f#63.249#64.544
406	но	но	CCONJ	_	_	_	_	_	@rml1967f-words#@rml1967f#64.57#64.844
407	к	к	ADP	_	_	_	_	_	@rml1967f-words#@rml1967f#64.844#65.118
408	вам-то	вай-то	DET	_	Case=Loc|Gender=Masc|Number=Sing	_	_	_	@rml1967f-words#@rml1967f#65.118#65.392
409	это	это	PRON	_	Animacy=Inan|Case=Nom|Gender=Neut|Number=Sing	_	_	_	@rml1967f-words#@rml1967f#65.392#65.666
410	же	же	PART	_	_	_	_	_	@rml1967f-words#@rml1967f#65.666#65.94
411	нет	нет	PART	_	_	_	_	_	@rml1967f-words#@rml1967f#69.226#69.459
412	ну	ну	PART	_	_	_	_	_	@rml1967f-words#@rml1967f#69.459#69.692
413	есть	быть	VERB	_	Aspect=Imp|Mood=Ind|Number=Sing|Person=3|Tense=Pres|VerbForm=Fin|Voice=Act	_	_	_	@rml1967f-words#@rml1967f#69.692#69.925
414	всегда	всегда	ADV	_	Degree=Pos	_	_	_	@rml1967f-words#@rml1967f#69.925#70.158
415	какая-то	какой-то	DET	_	Case=Nom|Gender=Fem|Number=Sing	_	_	_	@rml1967f-words#@rml1967f#70.158#70.391
416	мотивация	мотивация	NOUN	_	Animacy=Inan|Case=Nom|Gender=Fem|Number=Sing	_	_	_	@rml1967f-words#@rml1967f#70.391#70.624
417	/	/	PUNCT	_	_	_	_	_	@rml1967f-words#@rml1967f#70.624#70.857
418	все	все	PRON	_	Animacy=Inan|Case=Nom|Gender=Neut|Number=Sing	_	_	_	@rml1967f-words#@rml1967f#70.857#71.09
419	равно	равный	ADJ	_	Degree=Pos|Gender=Neut|Number=Sing|Variant=Short	_	_	_	@rml1967f-words#@rml1967f#71.09#71.323
420	же	же	PART	_	_	_	_	_	@rml1967f-words#@rml1967f#71.323#71.556
421	/	/	PUNCT	_	_	_	_	_	@rml1967f-words#@rml1967f#71.556#71.789
422	ты	ты	PRON	_	Case=Nom|Number=Sing|Person=2	_	_	_	@rml1967f-words#@rml1967f#71.789#72.022
423	приходишь	приходить	VERB	_	Aspect=Imp|Mood=Ind|Number=Sing|Person=2|Tense=Pres|VerbForm=Fin|Voice=Act	_	_	_	@rml1967f-words#@rml1967f#72.022#72.255
424	там	там	ADV	_	Degree=Pos	_	_	_	@rml1967f-words#@rml1967f#72.255#72.488
425	ради	ради	ADP	_	_	_	_	_	@rml1967f-words#@rml1967f#72.488#72.721
426	какого-то	какой-то	DET	_	Case=Gen|Gender=Neut|Number=Sing	_	_	_	@rml1967f-words#@rml1967f#72.721#72.954
427	дела	дело	NOUN	_	Animacy=Inan|Case=Gen|Gender=Neut|Number=Sing	_	_	_	@rml1967f-words#@rml1967f#72.954#73.198
428	вот	вот	PART	_	_	_	_	_	@rml1967f-words#@rml1967f#73.242#73.546
429	я	я	PRON	_	Case=Nom|Number=Sing|Person=1	_	_	_	@rml1967f-words#@rml1967f#73.546#73.85
430	пришла	прийти	VERB	_	Aspect=Perf|Gender=Fem|Mood=Ind|Number=Sing|Tense=Past|VerbForm=Fin|Voice=Act	_	_	_	@rml1967f-words#@rml1967f#73.85#74.154
431	там	там	ADV	_	Degree=Pos	_	_	_	@rml1967f-words#@rml1967f#74.154#74.461
432	у	у	ADP	_	_	_	_	_	@rml1967f-words#@rml1967f#75.072#75.332
433	меня	я	PRON	_	Case=Gen|Number=Sing|Person=1	_	_	_	@rml1967f-words#@rml1967f#75.332#75.592
434	вышел	выйти	VERB	_	Aspect=Perf|Gender=Masc|Mood=Ind|Number=Sing|Tense=Past|VerbForm=Fin|Voice=Act	_	_	_	@rml1967f-words#@rml1967f#75.592#75.852
435	в	в	ADP	_	_	_	_	_	@rml1967f-words#@rml1967f#75.852#76.112
436	прокат	прокат	NOUN	_	Animacy=Inan|Case=Acc|Gender=Masc|Number=Sing	_	_	_	@rml1967f-words#@rml1967f#76.112#76.372
437	мм	миллиметр	ADJ	_	Animacy=Inan|Case=Acc|Degree=Pos|Gender=Masc|Number=Sing	_	_	_	@rml1967f-words#@rml1967f#76.372#76.632
438	фильм	фильм	NOUN	_	Animacy=Inan|Case=Acc|Gender=Masc|Number=Sing	_	_	_	@rml1967f-words#@rml1967f#76.632#76.892
439	это	это	PRON	_	Animacy=Inan|Case=Acc|Gender=Neut|Number=Sing	_	_	_	@rml1967f-words#@rml1967f#77.35#77.551
440	же	же	PART	_	_	_	_	_	@rml1967f-words#@rml1967f#77.551#77.752
441	вот	вот	PART	_	_	_	_	_	@rml1967f-words#@rml1967f#77.752#77.953
442	все-таки	все-таки	PART	_	_	_	_	_	@rml1967f-words#@rml1967f#77.953#78.155
443	надо	надо	ADV	_	Degree=Pos	_	_	_	@rml1967f-words#@rml1967f#78.91#79.189
444	ему	он	PRON	_	Case=Dat|Gender=Masc|Number=Sing|Person=3	_	_	_	@rml1967f-words#@rml1967f#79.189#79.468
445	помогать	помогать	VERB	_	Aspect=Imp|VerbForm=Inf|Voice=Act	_	_	_	@rml1967f-words#@rml1967f#79.468#79.747
446	как-то	как-то	ADV	_	Degree=Pos	_	_	_	@rml1967f-words#@rml1967f#79.747#80.026
447	в	в	ADP	_	_	_	_	_	@rml1967f-words#@rml1967f#80.026#80.305
448	прокате	прокат	NOUN	_	Animacy=Inan|Case=Loc|Gender=Masc|Number=Sing	_	_	_	@rml1967f-words#@rml1967f#80.305#80.588
449	а	а	CCONJ	_	_	_	_	_	@rml1967f-words#@rml1967f#81.02#81.333
450	так	так	ADV	_	Degree=Pos	_	_	_	@rml1967f-words#@rml1967f#81.333#81.646
451	конечно	конечно	ADV	_	Degree=Pos	_	_	_	@rml1967f-words#@rml1967f#81.646#81.959
452	бессмысленно	бессмысленно	ADJ	_	Degree=Pos|Gender=Neut|Number=Sing|Variant=Short	_	_	_	@rml1967f-words#@rml1967f#81.959#82.272
453	мотаться	мотать	VERB	_	Aspect=Imp|VerbForm=Inf|Voice=Mid	_	_	_	@rml1967f-words#@rml1967f#82.272#82.585
454	я	я	PRON	_	Case=Nom|Number=Sing|Person=1	_	_	_	@rml1967f-words#@rml1967f#82.585#82.898
455	считаю	считать	VERB	_	Aspect=Imp|Mood=Ind|Number=Sing|Person=1|Tense=Pres|VerbForm=Fin|Voice=Act	_	_	_	@rml1967f-words#@rml1967f#82.898#83.211
456	что	что	PRON	_	Case=Acc	_	_	_	@rml1967f-words#@rml1967f#83.211#83.524
457	не	не	PART	_	_	_	_	_	@rml1967f-words#@rml1967f#83.524#83.837
458	стоит	стоять	VERB	_	Aspect=Imp|Mood=Ind|Number=Sing|Person=3|Tense=Pres|VerbForm=Fin|Voice=Act	_	_	_	@rml1967f-words#@rml1967f#83.837#84.156
459	спасибо	спасибо	NOUN	_	Animacy=Inan|Case=Acc|Gender=Neut|Number=Sing	_	_	_	@rml1967f-words#@rml1967f#88.06#88.516
460	вам	вы	PRON	_	Case=Dat|Number=Plur|Person=2	_	_	_	@rml1967f-words#@rml1967f#88.516#88.972
461	большое	большой	ADJ	_	Case=Acc|Degree=Pos|Gender=Neut|Number=Sing	_	_	_	@rml1967f-words#@rml1967f#88.972#89.43
462	поддержали	поддержать	VERB	_	Aspect=Perf|Mood=Ind|Number=Plur|Tense=Past|VerbForm=Fin|Voice=Act	_	_	_	@rml1967f-words#@rml1967f#89.78#90.172
463	нас	мы	PRON	_	Case=Acc|Number=Plur|Person=1	_	_	_	@rml1967f-words#@rml1967f#90.172#90.564
464	/	/	PUNCT	_	_	_	_	_	@rml1967f-words#@rml1967f#90.564#90.956
465	рублем	рубль	NOUN	_	Animacy=Inan|Case=Ins|Gender=Masc|Number=Sing	_	_	_	@rml1967f-words#@rml1967f#90.956#91.348
466	что	что	PRON	_	Case=Nom	_	_	_	@rml1967f-words#@rml1967f#91.348#91.74
467	называется	называться	VERB	_	Aspect=Imp|Mood=Ind|Number=Sing|Person=3|Tense=Pres|VerbForm=Fin|Voice=Mid	_	_	_	@rml1967f-words#@rml1967f#91.74#92.132
468	/	/	PUNCT	_	_	_	_	_	@rml1967f-words#@rml1967f#92.132#92.528
469	ну	ну	PART	_	_	_	_	_	@rml1967f-words#@rml1967f#103.68#103.804
470	и	и	CCONJ	_	_	_	_	_	@rml1967f-words#@rml1967f#103.804#103.928
471	еще	еще	ADV	_	Degree=Pos	_	_	_	@rml1967f-words#@rml1967f#103.928#104.052
472	у	у	ADP	_	_	_	_	_	@rml1967f-words#@rml1967f#104.052#104.176
473	меня	я	PRON	_	Case=Gen|Number=Sing|Person=1	_	_	_	@rml1967f-words#@rml1967f#104.176#104.3
474	был	быть	VERB	_	Aspect=Imp|Gender=Masc|Mood=Ind|Number=Sing|Tense=Past|VerbForm=Fin|Voice=Act	_	_	_	@rml1967f-words#@rml1967f#104.3#104.424
475	соратник	соратник	NOUN	_	Animacy=Anim|Case=Nom|Gender=Masc|Number=Sing	_	_	_	@rml1967f-words#@rml1967f#104.424#104.548
476	Земфира	Земфир	PROPN	_	Animacy=Anim|Case=Gen|Gender=Masc|Number=Sing	_	_	_	@rml1967f-words#@rml1967f#104.548#104.672
477	/	/	PUNCT	_	_	_	_	_	@rml1967f-words#@rml1967f#104.672#104.796
478	она	она	PRON	_	Case=Nom|Gender=Fem|Number=Sing|Person=3	_	_	_	@rml1967f-words#@rml1967f#104.796#104.92
479	тоже	тоже	PART	_	_	_	_	_	@rml1967f-words#@rml1967f#104.92#105.044
480	со	с	ADP	_	_	_	_	_	@rml1967f-words#@rml1967f#105.044#105.168
481	мной	я	PRON	_	Case=Ins|Number=Sing|Person=1	_	_	_	@rml1967f-words#@rml1967f#105.168#105.292
482	разделила	разделить	VERB	_	Aspect=Perf|Gender=Fem|Mood=Ind|Number=Sing|Tense=Past|VerbForm=Fin|Voice=Act	_	_	_	@rml1967f-words#@rml1967f#105.292#105.416
483	все	все	PRON	_	Animacy=Inan|Case=Acc|Gender=Neut|Number=Sing	_	_	_	@rml1967f-words#@rml1967f#105.416#105.54
484	/	/	PUNCT	_	_	_	_	_	@rml1967f-words#@rml1967f#105.54#105.664
485	все	весь	DET	_	Case=Acc|Number=Plur	_	_	_	@rml1967f-words#@rml1967f#105.664#105.788
486	трудности	трудность	NOUN	_	Animacy=Inan|Case=Acc|Gender=Fem|Number=Plur	_	_	_	@rml1967f-words#@rml1967f#105.788#105.912
487	я	я	PRON	_	Case=Nom|Number=Sing|Person=1	_	_	_	@rml1967f-words#@rml1967f#105.912#106.036
488	отвечала	отвечать	VERB	_	Aspect=Perf|Gender=Fem|Mood=Ind|Number=Sing|Tense=Past|VerbForm=Fin|Voice=Act	_	_	_	@rml1967f-words#@rml1967f#106.036#106.16
489	за	за	ADP	_	_	_	_	_	@rml1967f-words#@rml1967f#106.16#106.284
490	все	весь	PRON	_	Animacy=Inan|Case=Acc|Gender=Neut|Number=Sing	_	_	_	@rml1967f-words#@rml1967f#106.284#106.408
491	что	что	SCONJ	_	_	_	_	_	@rml1967f-words#@rml1967f#106.408#106.532
492	видно	видно	ADV	_	Degree=Pos	_	_	_	@rml1967f-words#@rml1967f#106.532#106.656
493	/	/	PUNCT	_	_	_	_	_	@rml1967f-words#@rml1967f#106.656#106.78
494	а	а	CCONJ	_	_	_	_	_	@rml1967f-words#@rml1967f#106.78#106.904
495	она	она	PRON	_	Case=Nom|Gender=Fem|Number=Sing|Person=3	_	_	_	@rml1967f-words#@rml1967f#106.904#107.028
496	за	за	ADP	_	_	_	_	_	@rml1967f-words#@rml1967f#107.028#107.152
497	все	все	PRON	_	Animacy=Inan|Case=Acc|Gender=Neut|Number=Sing	_	_	_	@rml1967f-words#@rml1967f#107.152#107.276
498	что	что	PRON	_	Case=Nom	_	_	_	@rml1967f-words#@rml1967f#107.276#107.4
499	слышно	слышно	ADJ	_	Degree=Pos|Gender=Neut|Number=Sing|Variant=Short	_	_	_	@rml1967f-words#@rml1967f#107.4#107.524
500	/	/	PUNCT	_	_	_	_	_	@rml1967f-words#@rml1967f#107.524#107.648
501	/	/	PUNCT	_	_	_	_	_	@rml1967f-words#@rml1967f#107.648#107.772
502	@pvv1934m-text	@pvv1934m-text	NOUN	_	_	_	_	_	@rml1967f-words#@rml1967f#107.772#107.896
503	ага	ага	NOUN	_	Animacy=Inan|Case=Gen|Gender=Masc|Number=Sing	_	_	_	@rml1967f-words#@rml1967f#107.896#108.02
504	/	/	PUNCT	_	_	_	_	_	@rml1967f-words#@rml1967f#108.02#108.144
505	ну	ну	PART	_	_	_	_	_	@rml1967f-words#@rml1967f#108.144#108.268
506	правильно	правильно	ADV	_	Degree=Pos	_	_	_	@rml1967f-words#@rml1967f#108.268#108.392
507	/	/	PUNCT	_	_	_	_	_	@rml1967f-words#@rml1967f#108.392#108.516
508	/	/	PUNCT	_	_	_	_	_	@rml1967f-words#@rml1967f#108.516#108.64
509	так	так	ADV	_	Degree=Pos	_	_	_	@rml1967f-words#@rml1967f#108.64#108.764
510	вот	вот	PART	_	_	_	_	_	@rml1967f-words#@rml1967f#108.764#108.888
511	у	у	ADP	_	_	_	_	_	@rml1967f-words#@rml1967f#108.888#109.012
512	меня	я	PRON	_	Case=Gen|Number=Sing|Person=1	_	_	_	@rml1967f-words#@rml1967f#109.012#109.136
513	такой	такой	DET	_	Case=Nom|Gender=Masc|Number=Sing	_	_	_	@rml1967f-words#@rml1967f#109.136#109.26
514	вопрос	вопрос	NOUN	_	Animacy=Inan|Case=Nom|Gender=Masc|Number=Sing	_	_	_	@rml1967f-words#@rml1967f#109.26#109.384
515	/	/	PUNCT	_	_	_	_	_	@rml1967f-words#@rml1967f#109.384#109.508
516	значит	значить	VERB	_	Aspect=Imp|Mood=Ind|Number=Sing|Person=3|Tense=Pres|VerbForm=Fin|Voice=Act	_	_	_	@rml1967f-words#@rml1967f#109.508#109.632
517	вы	вы	PRON	_	Case=Nom|Number=Plur|Person=2	_	_	_	@rml1967f-words#@rml1967f#109.632#109.756
518	в	в	ADP	_	_	_	_	_	@rml1967f-words#@rml1967f#109.756#109.88
519	этом	этот	DET	_	Case=Loc|Gender=Masc|Number=Sing	_	_	_	@rml1967f-words#@rml1967f#109.88#110.004
520	фильме	фильм	NOUN	_	Animacy=Inan|Case=Loc|Gender=Masc|Number=Sing	_	_	_	@rml1967f-words#@rml1967f#110.004#110.128
521	играете	играть	VERB	_	Aspect=Imp|Mood=Ind|Number=Plur|Person=2|Tense=Pres|VerbForm=Fin|Voice=Act	_	_	_	@rml1967f-words#@rml1967f#110.128#110.252
522	медсестру	медсестра	NOUN	_	Animacy=Anim|Case=Acc|Gender=Fem|Number=Sing	_	_	_	@rml1967f-words#@rml1967f#110.252#110.376
523	/	/	PUNCT	_	_	_	_	_	@rml1967f-words#@rml1967f#110.376#110.5
524	/	/	PUNCT	_	_	_	_	_	@rml1967f-words#@rml1967f#110.5#110.624
525	#одновременно#	#одновременно#	NOUN	_	Animacy=Inan|Case=Gen|Gender=Fem|Number=Sing	_	_	_	@rml1967f-words#@rml1967f#110.624#110.748
526	которая	который	PRON	_	Case=Nom	_	_	_	@rml1967f-words#@rml1967f#110.748#110.872
527	/	/	PUNCT	_	_	_	_	_	@rml1967f-words#@rml1967f#110.872#110.996
528	ну	ну	PART	_	_	_	_	_	@rml1967f-words#@rml1967f#110.996#111.12
529	медработник	медработник	NOUN	_	Animacy=Anim|Case=Nom|Gender=Masc|Number=Sing	_	_	_	@rml1967f-words#@rml1967f#111.12#111.244
530	да	да	CCONJ	_	_	_	_	_	@rml1967f-words#@rml1967f#111.244#111.385
531	ну	ну	PART	_	_	_	_	_	@rml1967f-words#@rml1967f#118.742#119.539
532	/	/	PUNCT	_	_	_	_	_	@rml1967f-words#@rml1967f#119.539#120.336
533	медработник	медработник	NOUN	_	Animacy=Anim|Case=Nom|Gender=Masc|Number=Sing	_	_	_	@rml1967f-words#@rml1967f#120.336#121.133
534	ну	ну	PART	_	_	_	_	_	@rml1967f-words#@rml1967f#124.89#125.213
535	она	она	PRON	_	Case=Nom|Gender=Fem|Number=Sing|Person=3	_	_	_	@rml1967f-words#@rml1967f#125.213#125.536
536	сначала	сначала	ADV	_	Degree=Pos	_	_	_	@rml1967f-words#@rml1967f#125.536#125.859
537	у	у	ADP	_	_	_	_	_	@rml1967f-words#@rml1967f#125.859#126.182
538	меня	я	PRON	_	Case=Gen|Number=Sing|Person=1	_	_	_	@rml1967f-words#@rml1967f#126.182#126.505
539	такая	такой	DET	_	Case=Nom|Gender=Fem|Number=Sing	_	_	_	@rml1967f-words#@rml1967f#126.505#126.828
540	была	быть	AUX	_	Aspect=Imp|Gender=Fem|Mood=Ind|Number=Sing|Tense=Past|VerbForm=Fin|Voice=Act	_	_	_	@rml1967f-words#@rml1967f#126.828#127.151
541	охотница	охотница	NOUN	_	Animacy=Inan|Case=Nom|Gender=Fem|Number=Sing	_	_	_	@rml1967f-words#@rml1967f#127.151#127.474
542	за	за	ADP	_	_	_	_	_	@rml1967f-words#@rml1967f#127.474#127.801
543	все	все	PRON	_	Animacy=Inan|Case=Nom|Gender=Neut|Number=Sing	_	_	_	@rml1967f-words#@rml1967f#127.94#128.391
544	равно	равный	ADJ	_	Degree=Pos|Gender=Neut|Number=Sing|Variant=Short	_	_	_	@rml1967f-words#@rml1967f#128.391#128.842
545	такое	такой	DET	_	Case=Nom|Gender=Neut|Number=Sing	_	_	_	@rml1967f-words#@rml1967f#128.842#129.293
546	внеземное	внеземной	ADJ	_	Case=Nom|Degree=Pos|Gender=Neut|Number=Sing	_	_	_	@rml1967f-words#@rml1967f#129.293#129.744
547	/	/	PUNCT	_	_	_	_	_	@rml1967f-words#@rml1967f#129.744#130.195
548	существо	существо	NOUN	_	Animacy=Anim|Case=Nom|Gender=Neut|Number=Sing	_	_	_	@rml1967f-words#@rml1967f#130.195#130.646
549	/	/	PUNCT	_	_	_	_	_	@rml1967f-words#@rml1967f#130.646#131.097
550	и	и	CCONJ	_	_	_	_	_	@rml1967f-words#@rml1967f#131.097#131.548
551	если	если	SCONJ	_	_	_	_	_	@rml1967f-words#@rml1967f#131.548#131.999
552	обратиться	обратиться	VERB	_	Aspect=Perf|VerbForm=Inf|Voice=Mid	_	_	_	@rml1967f-words#@rml1967f#131.999#132.45
553	к	к	ADP	_	_	_	_	_	@rml1967f-words#@rml1967f#132.45#132.901
554	каким-то	какой-то	DET	_	Case=Dat|Number=Plur	_	_	_	@rml1967f-words#@rml1967f#132.901#133.352
555	древним	древний	ADJ	_	Case=Dat|Degree=Pos|Number=Plur	_	_	_	@rml1967f-words#@rml1967f#133.352#133.815
556	мифам	миф	NOUN	_	Animacy=Inan|Case=Dat|Gender=Masc|Number=Plur	_	_	_	@rml1967f-words#@rml1967f#133.937#134.315
557	/	/	PUNCT	_	_	_	_	_	@rml1967f-words#@rml1967f#134.315#134.693
558	той	тот	DET	_	Case=Dat|Gender=Fem|Number=Sing	_	_	_	@rml1967f-words#@rml1967f#134.693#135.071
559	же	же	PART	_	_	_	_	_	@rml1967f-words#@rml1967f#135.071#135.449
560	Греции	Греция	PROPN	_	Animacy=Inan|Case=Dat|Gender=Fem|Number=Sing	_	_	_	@rml1967f-words#@rml1967f#135.449#135.827
561	/	/	PUNCT	_	_	_	_	_	@rml1967f-words#@rml1967f#135.827#136.205
562	и	и	CCONJ	_	_	_	_	_	@rml1967f-words#@rml1967f#136.205#136.583
563	ведь	ведь	PART	_	_	_	_	_	@rml1967f-words#@rml1967f#136.583#136.961
564	/	/	PUNCT	_	_	_	_	_	@rml1967f-words#@rml1967f#136.961#137.339
565	они	они	PRON	_	Case=Nom|Number=Plur|Person=3	_	_	_	@rml1967f-words#@rml1967f#137.339#137.717
566	же	же	PART	_	_	_	_	_	@rml1967f-words#@rml1967f#137.717#138.095
567	страстно	страстно	ADV	_	Degree=Pos	_	_	_	@rml1967f-words#@rml1967f#138.095#138.473
568	верили	верить	VERB	_	Aspect=Imp|Mood=Ind|Number=Plur|Tense=Past|VerbForm=Fin|Voice=Act	_	_	_	@rml1967f-words#@rml1967f#138.473#138.851
569	/	/	PUNCT	_	_	_	_	_	@rml1967f-words#@rml1967f#138.851#139.229
570	что	что	SCONJ	_	_	_	_	_	@rml1967f-words#@rml1967f#139.229#139.607
571	эти	этот	DET	_	Case=Nom|Number=Plur	_	_	_	@rml1967f-words#@rml1967f#139.607#139.985
572	боги	бог	NOUN	_	Animacy=Anim|Case=Nom|Gender=Masc|Number=Plur	_	_	_	@rml1967f-words#@rml1967f#139.985#140.363
573	существуют	существовать	VERB	_	Aspect=Imp|Mood=Ind|Number=Plur|Person=3|Tense=Pres|VerbForm=Fin|Voice=Act	_	_	_	@rml1967f-words#@rml1967f#140.363#140.741
574	/	/	PUNCT	_	_	_	_	_	@rml1967f-words#@rml1967f#140.741#141.119
575	а	а	CCONJ	_	_	_	_	_	@rml1967f-words#@rml1967f#141.119#141.497
576	мне	я	PRON	_	Case=Dat|Number=Sing|Person=1	_	_	_	@rml1967f-words#@rml1967f#141.497#141.875
577	кажется	казаться	VERB	_	Aspect=Imp|Mood=Ind|Number=Sing|Person=3|Tense=Pres|VerbForm=Fin|Voice=Mid	_	_	_	@rml1967f-words#@rml1967f#141.875#142.253
578	существуют	существовать	VERB	_	Aspect=Imp|Mood=Ind|Number=Plur|Person=3|Tense=Pres|VerbForm=Fin|Voice=Act	_	_	_	@rml1967f-words#@rml1967f#142.253#142.631
579	/	/	PUNCT	_	_	_	_	_	@rml1967f-words#@rml1967f#142.631#143.009
580	все-таки	все-таки	PART	_	_	_	_	_	@rml1967f-words#@rml1967f#143.009#143.387
581	какие-то	какой-то	DET	_	Case=Nom|Number=Plur	_	_	_	@rml1967f-words#@rml1967f#143.387#143.767
582	ну	ну	PART	_	_	_	_	_	@rml1967f-words#@rml1967f#144.99#145.37
583	какие-то	какой-то	DET	_	Case=Nom|Number=Plur	_	_	_	@rml1967f-words#@rml1967f#145.37#145.75
584	силы	сила	NOUN	_	Animacy=Inan|Case=Nom|Gender=Fem|Number=Plur	_	_	_	@rml1967f-words#@rml1967f#145.75#146.13
585	которые	который	PRON	_	Case=Acc	_	_	_	@rml1967f-words#@rml1967f#146.13#146.51
586	досматривают	досматривать	VERB	_	Aspect=Imp|Mood=Ind|Number=Plur|Person=3|Tense=Pres|VerbForm=Fin|Voice=Act	_	_	_	@rml1967f-words#@rml1967f#146.51#146.89
587	/	/	PUNCT	_	_	_	_	_	@rml1967f-words#@rml1967f#146.89#147.27
588	и	и	CCONJ	_	_	_	_	_	@rml1967f-words#@rml1967f#147.27#147.65
589	это	это	PRON	_	Animacy=Inan|Case=Nom|Gender=Neut|Number=Sing	_	_	_	@rml1967f-words#@rml1967f#147.65#148.03
590	же	же	PART	_	_	_	_	_	@rml1967f-words#@rml1967f#148.03#148.41
591	неслучайно	неслучайно	ADV	_	Degree=Pos	_	_	_	@rml1967f-words#@rml1967f#148.41#148.79
592	такие	такой	DET	_	Case=Nom|Number=Plur	_	_	_	@rml1967f-words#@rml1967f#148.79#149.17
593	древние	древний	ADJ	_	Case=Nom|Degree=Pos|Number=Plur	_	_	_	@rml1967f-words#@rml1967f#149.17#149.55
594	/	/	PUNCT	_	_	_	_	_	@rml1967f-words#@rml1967f#149.55#149.93
595	учения	учение	NOUN	_	Animacy=Inan|Case=Nom|Gender=Neut|Number=Plur	_	_	_	@rml1967f-words#@rml1967f#149.93#150.31
596	о	о	ADP	_	_	_	_	_	@rml1967f-words#@rml1967f#150.31#150.69
597	том	то	PRON	_	Animacy=Inan|Case=Loc|Gender=Neut|Number=Sing	_	_	_	@rml1967f-words#@rml1967f#150.69#151.07
598	что	что	PRON	_	Case=Acc	_	_	_	@rml1967f-words#@rml1967f#151.07#151.45
599	/	/	PUNCT	_	_	_	_	_	@rml1967f-words#@rml1967f#151.45#151.83
600	все-таки	все-таки	PART	_	_	_	_	_	@rml1967f-words#@rml1967f#151.83#152.21
601	душу	душа	NOUN	_	Animacy=Inan|Case=Acc|Gender=Fem|Number=Sing	_	_	_	@rml1967f-words#@rml1967f#152.21#152.59
602	кто-то	кто-то	PRON	_	Case=Nom	_	_	_	@rml1967f-words#@rml1967f#152.59#152.97
603	сопровождает	сопровождать	VERB	_	Aspect=Imp|Mood=Ind|Number=Sing|Person=3|Tense=Pres|VerbForm=Fin|Voice=Act	_	_	_	@rml1967f-words#@rml1967f#152.97#153.35
604	есть	быть	AUX	_	Aspect=Imp|Mood=Ind|Number=Sing|Person=3|Tense=Pres|VerbForm=Fin|Voice=Act	_	_	_	@rml1967f-words#@rml1967f#153.35#153.73
605	же	же	PART	_	_	_	_	_	@rml1967f-words#@rml1967f#153.73#154.11
606	масса	масса	NOUN	_	Animacy=Inan|Case=Nom|Gender=Fem|Number=Sing	_	_	_	@rml1967f-words#@rml1967f#154.11#154.49
607	каких-то	какой-то	DET	_	Case=Gen|Number=Plur	_	_	_	@rml1967f-words#@rml1967f#154.49#154.87
608	примет	принять	NOUN	_	Animacy=Inan|Case=Gen|Gender=Fem|Number=Plur	_	_	_	@rml1967f-words#@rml1967f#154.87#155.25
609	/	/	PUNCT	_	_	_	_	_	@rml1967f-words#@rml1967f#155.25#155.63
610	если	если	SCONJ	_	_	_	_	_	@rml1967f-words#@rml1967f#155.63#156.01
611	/	/	PUNCT	_	_	_	_	_	@rml1967f-words#@rml1967f#156.01#156.39
612	там	там	ADV	_	Degree=Pos	_	_	_	@rml1967f-words#@rml1967f#156.39#156.77
613	перед	перед	ADP	_	_	_	_	_	@rml1967f-words#@rml1967f#156.77#157.15
614	смертью	смерть	NOUN	_	Animacy=Inan|Case=Ins|Gender=Fem|Number=Sing	_	_	_	@rml1967f-words#@rml1967f#157.15#157.53
615	тебе	ты	PRON	_	Case=Dat|Number=Sing|Person=2	_	_	_	@rml1967f-words#@rml1967f#157.53#157.91
616	кто-то	кто-то	PRON	_	Case=Nom	_	_	_	@rml1967f-words#@rml1967f#157.91#158.29
617	снится	сниться	VERB	_	Aspect=Perf|Mood=Ind|Number=Sing|Person=3|Tense=Fut|VerbForm=Fin|Voice=Mid	_	_	_	@rml1967f-words#@rml1967f#158.29#158.67
618	и	и	PART	_	_	_	_	_	@rml1967f-words#@rml1967f#158.67#159.05
619	у	у	ADP	_	_	_	_	_	@rml1967f-words#@rml1967f#159.05#159.43
620	каждого	каждый	DET	_	Case=Gen|Gender=Masc|Number=Sing	_	_	_	@rml1967f-words#@rml1967f#159.43#159.81
621	народа	народ	NOUN	_	Animacy=Inan|Case=Gen|Gender=Masc|Number=Sing	_	_	_	@rml1967f-words#@rml1967f#159.81#160.19
622	какая-то	какой-то	DET	_	Case=Nom|Gender=Fem|Number=Sing	_	_	_	@rml1967f-words#@rml1967f#160.19#160.57
623	своя	свой	DET	_	Case=Nom|Gender=Fem|Number=Sing	_	_	_	@rml1967f-words#@rml1967f#160.57#160.95
624	смерть	смерть	NOUN	_	Animacy=Inan|Case=Nom|Gender=Fem|Number=Sing	_	_	_	@rml1967f-words#@rml1967f#160.95#161.363
625	а	а	CCONJ	_	_	_	_	_	@rml1967f-words#@rml1967f#161.55#161.864
626	у	у	ADP	_	_	_	_	_	@rml1967f-words#@rml1967f#161.864#162.178
627	Феллини	Феллини	PROPN	_	Animacy=Anim|Case=Gen|Gender=Masc|Number=Sing	_	_	_	@rml1967f-words#@rml1967f#162.178#162.492
628	была	быть	AUX	_	Aspect=Imp|Gender=Fem|Mood=Ind|Number=Sing|Tense=Past|VerbForm=Fin|Voice=Act	_	_	_	@rml1967f-words#@rml1967f#162.492#162.806
629	/	/	PUNCT	_	_	_	_	_	@rml1967f-words#@rml1967f#162.806#163.12
630	там	там	ADV	_	Degree=Pos	_	_	_	@rml1967f-words#@rml1967f#163.12#163.434
631	он	он	PRON	_	Case=Nom|Gender=Masc|Number=Sing|Person=3	_	_	_	@rml1967f-words#@rml1967f#163.434#163.748
632	себе	себя	PRON	_	Case=Dat	_	_	_	@rml1967f-words#@rml1967f#163.748#164.062
633	представлял	представлять	VERB	_	Aspect=Imp|Gender=Masc|Mood=Ind|Number=Sing|Tense=Past|VerbForm=Fin|Voice=Act	_	_	_	@rml1967f-words#@rml1967f#164.062#164.376
634	женщину	женщина	NOUN	_	Animacy=Anim|Case=Acc|Gender=Fem|Number=Sing	_	_	_	@rml1967f-words#@rml1967f#164.376#164.69
635	в	в	ADP	_	_	_	_	_	@rml1967f-words#@rml1967f#164.69#165.004
636	красной	красный	ADJ	_	Case=Loc|Degree=Pos|Gender=Fem|Number=Sing	_	_	_	@rml1967f-words#@rml1967f#165.004#165.318
637	комбинации	комбинация	NOUN	_	Animacy=Inan|Case=Loc|Gender=Fem|Number=Sing	_	_	_	@rml1967f-words#@rml1967f#165.318#165.632
638	/	/	PUNCT	_	_	_	_	_	@rml1967f-words#@rml1967f#165.632#165.946
639	то	то	PRON	_	Animacy=Inan|Case=Nom|Gender=Neut|Number=Sing	_	_	_	@rml1967f-words#@rml1967f#165.946#166.26
640	есть	быть	VERB	_	Aspect=Imp|Mood=Ind|Number=Sing|Person=3|Tense=Pres|VerbForm=Fin|Voice=Act	_	_	_	@rml1967f-words#@rml1967f#166.26#166.574
641	каждый	каждый	DET	_	Case=Nom|Gender=Masc|Number=Sing	_	_	_	@rml1967f-words#@rml1967f#166.574#166.888
642	может	мочь	VERB	_	Aspect=Imp|Mood=Ind|Number=Sing|Person=3|Tense=Pres|VerbForm=Fin|Voice=Act	_	_	_	@rml1967f-words#@rml1967f#166.888#167.202
643	себе	себя	PRON	_	Case=Dat	_	_	_	@rml1967f-words#@rml1967f#167.202#167.516
644	навоображать	навоображать	VERB	_	Aspect=Imp|VerbForm=Inf|Voice=Act	_	_	_	@rml1967f-words#@rml1967f#167.516#167.83
645	/	/	PUNCT	_	_	_	_	_	@rml1967f-words#@rml1967f#167.83#168.144
646	и	и	CCONJ	_	_	_	_	_	@rml1967f-words#@rml1967f#168.144#168.458
647	это	это	PRON	_	Animacy=Inan|Case=Nom|Gender=Neut|Number=Sing	_	_	_	@rml1967f-words#@rml1967f#168.458#168.772
648	кстати	кстати	ADV	_	Degree=Pos	_	_	_	@rml1967f-words#@rml1967f#168.772#169.086
649	сбудется	сбыться	VERB	_	Aspect=Perf|Mood=Ind|Number=Sing|Person=3|Tense=Fut|VerbForm=Fin|Voice=Mid	_	_	_	@rml1967f-words#@rml1967f#169.086#169.412
650	ну	ну	PART	_	_	_	_	_	@rml1967f-words#@rml1967f#173.678#173.955
651	а	а	CCONJ	_	_	_	_	_	@rml1967f-words#@rml1967f#173.955#174.232
652	как	как	ADV	_	Degree=Pos	_	_	_	@rml1967f-words#@rml1967f#174.232#174.509
653	она	она	PRON	_	Case=Nom|Gender=Fem|Number=Sing|Person=3	_	_	_	@rml1967f-words#@rml1967f#174.509#174.786
654	может	мочь	VERB	_	Aspect=Imp|Mood=Ind|Number=Sing|Person=3|Tense=Pres|VerbForm=Fin|Voice=Act	_	_	_	@rml1967f-words#@rml1967f#174.786#175.063
655	не	не	PART	_	_	_	_	_	@rml1967f-words#@rml1967f#175.063#175.34
656	занимать	занимать	VERB	_	Aspect=Imp|VerbForm=Inf|Voice=Act	_	_	_	@rml1967f-words#@rml1967f#175.34#175.617
657	?	?	PUNCT	_	_	_	_	_	@rml1967f-words#@rml1967f#175.617#175.894
658	/	/	PUNCT	_	_	_	_	_	@rml1967f-words#@rml1967f#175.894#176.171
659	она	она	PRON	_	Case=Nom|Gender=Fem|Number=Sing|Person=3	_	_	_	@rml1967f-words#@rml1967f#176.171#176.448
660	же	же	PART	_	_	_	_	_	@rml1967f-words#@rml1967f#176.448#176.725
661	/	/	PUNCT	_	_	_	_	_	@rml1967f-words#@rml1967f#176.725#177.002
662	она	она	PRON	_	Case=Nom|Gender=Fem|Number=Sing|Person=3	_	_	_	@rml1967f-words#@rml1967f#177.002#177.279
663	же	же	PART	_	_	_	_	_	@rml1967f-words#@rml1967f#177.279#177.556
664	приходит	приходить	VERB	_	Aspect=Imp|Mood=Ind|Number=Sing|Person=3|Tense=Pres|VerbForm=Fin|Voice=Act	_	_	_	@rml1967f-words#@rml1967f#177.556#177.833
665	к	к	ADP	_	_	_	_	_	@rml1967f-words#@rml1967f#177.833#178.11
666	каждому	каждый	DET	_	Case=Dat|Gender=Masc|Number=Sing	_	_	_	@rml1967f-words#@rml1967f#178.11#178.387
667	человеку	человек	NOUN	_	Animacy=Anim|Case=Dat|Gender=Masc|Number=Sing	_	_	_	@rml1967f-words#@rml1967f#178.387#178.673
668	я	я	PRON	_	Case=Nom|Number=Sing|Person=1	_	_	_	@rml1967f-words#@rml1967f#179.01#179.292
669	все	весь	DET	_	Case=Acc|Gender=Neut|Number=Sing	_	_	_	@rml1967f-words#@rml1967f#179.292#179.574
670	время	время	NOUN	_	Animacy=Inan|Case=Acc|Gender=Neut|Number=Sing	_	_	_	@rml1967f-words#@rml1967f#179.574#179.856
671	говорю	говорить	VERB	_	Aspect=Imp|Mood=Ind|Number=Sing|Person=1|Tense=Pres|VerbForm=Fin|Voice=Act	_	_	_	@rml1967f-words#@rml1967f#179.856#180.138
672	все	весь	DET	_	Case=Nom|Number=Plur	_	_	_	@rml1967f-words#@rml1967f#180.138#180.42
673	мы	мы	PRON	_	Case=Nom|Number=Plur|Person=1	_	_	_	@rml1967f-words#@rml1967f#180.42#180.702
674	будущие	будущий	ADJ	_	Case=Nom|Degree=Pos|Number=Plur	_	_	_	@rml1967f-words#@rml1967f#180.702#180.984
675	мертвые	мертвый	ADJ	_	Case=Nom|Degree=Pos|Number=Plur	_	_	_	@rml1967f-words#@rml1967f#180.984#181.266
676	/	/	PUNCT	_	_	_	_	_	@rml1967f-words#@rml1967f#181.266#181.548
677	/	/	PUNCT	_	_	_	_	_	@rml1967f-words#@rml1967f#181.548#181.83
678	и	и	CCONJ	_	_	_	_	_	@rml1967f-words#@rml1967f#181.83#182.112
679	в	в	ADP	_	_	_	_	_	@rml1967f-words#@rml1967f#182.112#182.394
680	данном	данный	ADJ	_	Case=Loc|Degree=Pos|Gender=Masc|Number=Sing	_	_	_	@rml1967f-words#@rml1967f#182.394#182.676
681	случае	случай	NOUN	_	Animacy=Inan|Case=Loc|Gender=Masc|Number=Sing	_	_	_	@rml1967f-words#@rml1967f#182.676#182.958
682	я	я	PRON	_	Case=Nom|Number=Sing|Person=1	_	_	_	@rml1967f-words#@rml1967f#182.958#183.24
683	как-то	как-то	ADV	_	Degree=Pos	_	_	_	@rml1967f-words#@rml1967f#183.24#183.522
684	не	не	PART	_	_	_	_	_	@rml1967f-words#@rml1967f#183.522#183.804
685	разделаю	разделать	VERB	_	Aspect=Imp|Mood=Ind|Number=Sing|Person=1|Tense=Pres|VerbForm=Fin|Voice=Act	_	_	_	@rml1967f-words#@rml1967f#183.804#184.086
686	/	/	PUNCT	_	_	_	_	_	@rml1967f-words#@rml1967f#184.086#184.368
687	там	там	ADV	_	Degree=Pos	_	_	_	@rml1967f-words#@rml1967f#184.368#184.65
688	/	/	PUNCT	_	_	_	_	_	@rml1967f-words#@rml1967f#184.65#184.932
689	тема	тема	NOUN	_	Animacy=Inan|Case=Nom|Gender=Fem|Number=Sing	_	_	_	@rml1967f-words#@rml1967f#184.932#185.214
690	смерти	смерть	NOUN	_	Animacy=Inan|Case=Gen|Gender=Fem|Number=Sing	_	_	_	@rml1967f-words#@rml1967f#185.214#185.496
691	/	/	PUNCT	_	_	_	_	_	@rml1967f-words#@rml1967f#185.496#185.778
692	тема	тема	NOUN	_	Animacy=Inan|Case=Nom|Gender=Fem|Number=Sing	_	_	_	@rml1967f-words#@rml1967f#185.778#186.06
693	жизни	жизнь	NOUN	_	Animacy=Inan|Case=Gen|Gender=Fem|Number=Sing	_	_	_	@rml1967f-words#@rml1967f#186.06#186.342
694	/	/	PUNCT	_	_	_	_	_	@rml1967f-words#@rml1967f#186.342#186.624
695	это	это	PRON	_	Animacy=Inan|Case=Nom|Gender=Neut|Number=Sing	_	_	_	@rml1967f-words#@rml1967f#186.624#186.906
696	же	же	PART	_	_	_	_	_	@rml1967f-words#@rml1967f#186.906#187.188
697	все	все	PRON	_	Animacy=Inan|Case=Nom|Gender=Neut|Number=Sing	_	_	_	@rml1967f-words#@rml1967f#187.188#187.47
698	очень	очень	ADV	_	Degree=Pos	_	_	_	@rml1967f-words#@rml1967f#187.47#187.752
699	близко	близко	ADJ	_	Degree=Pos|Gender=Neut|Number=Sing|Variant=Short	_	_	_	@rml1967f-words#@rml1967f#187.752#188.034
700	/	/	PUNCT	_	_	_	_	_	@rml1967f-words#@rml1967f#188.034#188.316
701	это	это	PRON	_	Animacy=Inan|Case=Nom|Gender=Neut|Number=Sing	_	_	_	@rml1967f-words#@rml1967f#188.316#188.598
702	же	же	PART	_	_	_	_	_	@rml1967f-words#@rml1967f#188.598#188.88
703	/	/	PUNCT	_	_	_	_	_	@rml1967f-words#@rml1967f#188.88#189.162
704	как	как	SCONJ	_	_	_	_	_	@rml1967f-words#@rml1967f#189.162#189.444
705	сказать	сказать	VERB	_	Aspect=Perf|VerbForm=Inf|Voice=Act	_	_	_	@rml1967f-words#@rml1967f#189.444#189.726
706	/	/	PUNCT	_	_	_	_	_	@rml1967f-words#@rml1967f#189.726#190.008
707	мы	мы	PRON	_	Case=Nom|Number=Plur|Person=1	_	_	_	@rml1967f-words#@rml1967f#190.008#190.29
708	все	все	DET	_	Case=Nom|Number=Plur	_	_	_	@rml1967f-words#@rml1967f#190.29#190.572
709	обречены	обречь	VERB	_	Aspect=Perf|Number=Plur|Tense=Past|Variant=Short|VerbForm=Part|Voice=Pass	_	_	_	@rml1967f-words#@rml1967f#190.572#190.854
710	потом	потом	ADV	_	Degree=Pos	_	_	_	@rml1967f-words#@rml1967f#190.854#191.136
711	/	/	PUNCT	_	_	_	_	_	@rml1967f-words#@rml1967f#191.136#191.418
712	изучить	изучить	VERB	_	Aspect=Perf|VerbForm=Inf|Voice=Act	_	_	_	@rml1967f-words#@rml1967f#191.418#191.7
713	эту	этот	DET	_	Case=Acc|Gender=Fem|Number=Sing	_	_	_	@rml1967f-words#@rml1967f#191.7#191.982
714	тему	тема	NOUN	_	Animacy=Inan|Case=Acc|Gender=Fem|Number=Sing	_	_	_	@rml1967f-words#@rml1967f#191.982#192.264
715	поближе	близко	ADV	_	Degree=Cmp	_	_	_	@rml1967f-words#@rml1967f#192.264#192.593
716	ну	ну	PART	_	_	_	_	_	@rml1967f-words#@rml1967f#201.239#201.647
717	это	это	PRON	_	Animacy=Inan|Case=Nom|Gender=Neut|Number=Sing	_	_	_	@rml1967f-words#@rml1967f#201.647#202.055
718	красивая	красивый	ADJ	_	Case=Nom|Degree=Pos|Gender=Fem|Number=Sing	_	_	_	@rml1967f-words#@rml1967f#202.055#202.463
719	фраза	фраза	NOUN	_	Animacy=Inan|Case=Nom|Gender=Fem|Number=Sing	_	_	_	@rml1967f-words#@rml1967f#202.463#202.871
720	/	/	PUNCT	_	_	_	_	_	@rml1967f-words#@rml1967f#202.871#203.279
721	вот	вот	PART	_	_	_	_	_	@rml1967f-words#@rml1967f#204.05#204.322
722	вы	вы	PRON	_	Case=Nom|Number=Plur|Person=2	_	_	_	@rml1967f-words#@rml1967f#204.322#204.594
723	знаете	знать	VERB	_	Aspect=Imp|Mood=Ind|Number=Plur|Person=2|Tense=Pres|VerbForm=Fin|Voice=Act	_	_	_	@rml1967f-words#@rml1967f#204.594#204.866
724	/	/	PUNCT	_	_	_	_	_	@rml1967f-words#@rml1967f#204.866#205.138
725	я	я	PRON	_	Case=Nom|Number=Sing|Person=1	_	_	_	@rml1967f-words#@rml1967f#205.138#205.41
726	на	на	ADP	_	_	_	_	_	@rml1967f-words#@rml1967f#205.41#205.682
727	самом	самый	ADJ	_	Case=Loc|Degree=Pos|Gender=Neut|Number=Sing	_	_	_	@rml1967f-words#@rml1967f#205.682#205.954
728	деле	дело	NOUN	_	Animacy=Inan|Case=Loc|Gender=Neut|Number=Sing	_	_	_	@rml1967f-words#@rml1967f#205.954#206.226
729	пришла	прийти	VERB	_	Aspect=Perf|Gender=Fem|Mood=Ind|Number=Sing|Tense=Past|VerbForm=Fin|Voice=Act	_	_	_	@rml1967f-words#@rml1967f#206.226#206.498
730	к	к	ADP	_	_	_	_	_	@rml1967f-words#@rml1967f#206.498#206.77
731	такому	такой	PRON	_	Case=Dat	_	_	_	@rml1967f-words#@rml1967f#206.77#207.042
732	/	/	PUNCT	_	_	_	_	_	@rml1967f-words#@rml1967f#207.042#207.314
733	как	как	SCONJ	_	_	_	_	_	@rml1967f-words#@rml1967f#207.314#207.586
734	сказать	сказать	VERB	_	Aspect=Perf|VerbForm=Inf|Voice=Act	_	_	_	@rml1967f-words#@rml1967f#207.586#207.858
735	/	/	PUNCT	_	_	_	_	_	@rml1967f-words#@rml1967f#207.858#208.13
736	/	/	PUNCT	_	_	_	_	_	@rml1967f-words#@rml1967f#208.13#208.402
737	состоянию	состояние	NOUN	_	Animacy=Inan|Case=Dat|Gender=Neut|Number=Sing	_	_	_	@rml1967f-words#@rml1967f#208.402#208.674
738	/	/	PUNCT	_	_	_	_	_	@rml1967f-words#@rml1967f#208.674#208.946
739	потому	потому	ADV	_	Degree=Pos	_	_	_	@rml1967f-words#@rml1967f#208.946#209.218
740	что	что	SCONJ	_	_	_	_	_	@rml1967f-words#@rml1967f#209.218#209.49
741	ты	ты	PRON	_	Case=Nom|Number=Sing|Person=2	_	_	_	@rml1967f-words#@rml1967f#209.49#209.762
742	же	же	PART	_	_	_	_	_	@rml1967f-words#@rml1967f#209.762#210.034
743	в	в	ADP	_	_	_	_	_	@rml1967f-words#@rml1967f#210.034#210.306
744	течение	течение	NOUN	_	Animacy=Inan|Case=Acc|Gender=Neut|Number=Sing	_	_	_	@rml1967f-words#@rml1967f#210.306#210.578
745	жизни	жизнь	NOUN	_	Animacy=Inan|Case=Gen|Gender=Fem|Number=Sing	_	_	_	@rml1967f-words#@rml1967f#210.578#210.85
746	/	/	PUNCT	_	_	_	_	_	@rml1967f-words#@rml1967f#210.85#211.122
747	/	/	PUNCT	_	_	_	_	_	@rml1967f-words#@rml1967f#211.122#211.394
748	вот	вот	PART	_	_	_	_	_	@rml1967f-words#@rml1967f#211.394#211.666
749	как	как	SCONJ	_	_	_	_	_	@rml1967f-words#@rml1967f#211.666#211.938
750	дети	ребенок	NOUN	_	Animacy=Anim|Case=Nom|Gender=Masc|Number=Plur	_	_	_	@rml1967f-words#@rml1967f#211.938#212.21
751	/	/	PUNCT	_	_	_	_	_	@rml1967f-words#@rml1967f#212.21#212.482
752	они	они	PRON	_	Case=Nom|Number=Plur|Person=3	_	_	_	@rml1967f-words#@rml1967f#212.482#212.754
753	же	же	PART	_	_	_	_	_	@rml1967f-words#@rml1967f#212.754#213.026
754	думают	думать	VERB	_	Aspect=Imp|Mood=Ind|Number=Plur|Person=3|Tense=Pres|VerbForm=Fin|Voice=Act	_	_	_	@rml1967f-words#@rml1967f#213.026#213.298
755	что	что	PRON	_	Case=Acc	_	_	_	@rml1967f-words#@rml1967f#213.298#213.57
756	они	они	PRON	_	Case=Nom|Number=Plur|Person=3	_	_	_	@rml1967f-words#@rml1967f#213.57#213.842
757	бессмертны	бессмертный	ADJ	_	Degree=Pos|Number=Plur|Variant=Short	_	_	_	@rml1967f-words#@rml1967f#213.842#214.114
758	/	/	PUNCT	_	_	_	_	_	@rml1967f-words#@rml1967f#214.114#214.386
759	они	они	PRON	_	Case=Nom|Number=Plur|Person=3	_	_	_	@rml1967f-words#@rml1967f#214.386#214.658
760	же	же	PART	_	_	_	_	_	@rml1967f-words#@rml1967f#214.658#214.93
761	не	не	PART	_	_	_	_	_	@rml1967f-words#@rml1967f#214.93#215.202
762	думают	думать	VERB	_	Aspect=Imp|Mood=Ind|Number=Plur|Person=3|Tense=Pres|VerbForm=Fin|Voice=Act	_	_	_	@rml1967f-words#@rml1967f#215.202#215.474
763	что	что	SCONJ	_	_	_	_	_	@rml1967f-words#@rml1967f#215.474#215.746
764	они	они	PRON	_	Case=Nom|Number=Plur|Person=3	_	_	_	@rml1967f-words#@rml1967f#215.746#216.018
765	когда-то	когда-то	ADV	_	Degree=Pos	_	_	_	@rml1967f-words#@rml1967f#216.018#216.29
766	умрут	умереть	VERB	_	Aspect=Perf|Mood=Ind|Number=Plur|Person=3|Tense=Fut|VerbForm=Fin|Voice=Act	_	_	_	@rml1967f-words#@rml1967f#216.29#216.596
767	мне	я	PRON	_	Case=Dat|Number=Sing|Person=1	_	_	_	@rml1967f-words#@rml1967f#216.95#217.335
768	кажется	казаться	VERB	_	Aspect=Imp|Mood=Ind|Number=Sing|Person=3|Tense=Pres|VerbForm=Fin|Voice=Mid	_	_	_	@rml1967f-words#@rml1967f#217.335#217.72
769	это	этот	PRON	_	Animacy=Inan|Case=Nom|Gender=Neut|Number=Sing	_	_	_	@rml1967f-words#@rml1967f#217.72#218.105
770	самое	самый	ADJ	_	Case=Nom|Degree=Pos|Gender=Neut|Number=Sing	_	_	_	@rml1967f-words#@rml1967f#218.105#218.49
771	верное	верный	ADJ	_	Case=Nom|Degree=Pos|Gender=Neut|Number=Sing	_	_	_	@rml1967f-words#@rml1967f#218.49#218.875
772	отношение	отношение	NOUN	_	Animacy=Inan|Case=Nom|Gender=Neut|Number=Sing	_	_	_	@rml1967f-words#@rml1967f#218.875#219.26
773	к	к	ADP	_	_	_	_	_	@rml1967f-words#@rml1967f#219.26#219.645
774	этому	этот	PRON	_	Animacy=Inan|Case=Dat|Gender=Neut|Number=Sing	_	_	_	@rml1967f-words#@rml1967f#219.645#220.03
775	/	/	PUNCT	_	_	_	_	_	@rml1967f-words#@rml1967f#220.03#220.415
776	думать	думать	VERB	_	Aspect=Imp|VerbForm=Inf|Voice=Act	_	_	_	@rml1967f-words#@rml1967f#220.415#220.8
777	что	что	PRON	_	Case=Acc	_	_	_	@rml1967f-words#@rml1967f#220.8#221.185
778	ты	ты	PRON	_	Case=Nom|Number=Sing|Person=2	_	_	_	@rml1967f-words#@rml1967f#221.185#221.57
779	бессмертен	бессмертный	ADJ	_	Degree=Pos|Gender=Masc|Number=Sing|Variant=Short	_	_	_	@rml1967f-words#@rml1967f#221.57#221.959
780	но	но	CCONJ	_	_	_	_	_	@rml1967f-words#@rml1967f#222.39#222.644
781	вы	вы	PRON	_	Case=Nom|Number=Plur|Person=2	_	_	_	@rml1967f-words#@rml1967f#222.644#222.898
782	же	же	PART	_	_	_	_	_	@rml1967f-words#@rml1967f#222.898#223.152
783	/	/	PUNCT	_	_	_	_	_	@rml1967f-words#@rml1967f#223.152#223.406
784	но	но	CCONJ	_	_	_	_	_	@rml1967f-words#@rml1967f#223.406#223.66
785	вы	вы	PRON	_	Case=Nom|Number=Plur|Person=2	_	_	_	@rml1967f-words#@rml1967f#223.66#223.914
786	же	же	PART	_	_	_	_	_	@rml1967f-words#@rml1967f#223.914#224.168
787	атеист	атеист	NOUN	_	Animacy=Anim|Case=Nom|Gender=Masc|Number=Sing	_	_	_	@rml1967f-words#@rml1967f#224.168#224.423
788	то	то	PRON	_	Animacy=Inan|Case=Nom|Gender=Neut|Number=Sing	_	_	_	@rml1967f-words#@rml1967f#224.903#225.197
789	есть	быть	VERB	_	Aspect=Imp|Mood=Ind|Number=Sing|Person=3|Tense=Pres|VerbForm=Fin|Voice=Act	_	_	_	@rml1967f-words#@rml1967f#225.197#225.491
790	вы	вы	PRON	_	Case=Nom|Number=Plur|Person=2	_	_	_	@rml1967f-words#@rml1967f#225.491#225.785
791	думаете	думать	VERB	_	Aspect=Imp|Mood=Ind|Number=Plur|Person=2|Tense=Pres|VerbForm=Fin|Voice=Act	_	_	_	@rml1967f-words#@rml1967f#225.785#226.079
792	что	что	PRON	_	Case=Nom	_	_	_	@rml1967f-words#@rml1967f#226.079#226.373
793	/	/	PUNCT	_	_	_	_	_	@rml1967f-words#@rml1967f#226.373#226.667
794	/	/	PUNCT	_	_	_	_	_	@rml1967f-words#@rml1967f#226.667#226.961
795	все	все	PART	_	_	_	_	_	@rml1967f-words#@rml1967f#226.961#227.255
796	?	?	PUNCT	_	_	_	_	_	@rml1967f-words#@rml1967f#227.255#227.553
797	но	но	CCONJ	_	_	_	_	_	@rml1967f-words#@rml1967f#228.13#228.558
798	этому	этот	PRON	_	Animacy=Inan|Case=Dat|Gender=Neut|Number=Sing	_	_	_	@rml1967f-words#@rml1967f#228.558#228.986
799	же	же	PART	_	_	_	_	_	@rml1967f-words#@rml1967f#228.986#229.414
800	есть	быть	AUX	_	Aspect=Imp|Mood=Ind|Number=Sing|Person=3|Tense=Pres|VerbForm=Fin|Voice=Act	_	_	_	@rml1967f-words#@rml1967f#229.414#229.842
801	масса	масса	NOUN	_	Animacy=Inan|Case=Nom|Gender=Fem|Number=Sing	_	_	_	@rml1967f-words#@rml1967f#229.842#230.27
802	доказательств	доказательство	NOUN	_	Animacy=Inan|Case=Gen|Gender=Neut|Number=Plur	_	_	_	@rml1967f-words#@rml1967f#230.27#230.698
803	что	что	PRON	_	Case=Acc	_	_	_	@rml1967f-words#@rml1967f#230.698#231.13
804	да	да	PART	_	_	_	_	_	@rml1967f-words#@rml1967f#235.16#235.46
805	а	а	CCONJ	_	_	_	_	_	@rml1967f-words#@rml1967f#238.55#238.845
806	душа	душа	NOUN	_	Animacy=Inan|Case=Nom|Gender=Fem|Number=Sing	_	_	_	@rml1967f-words#@rml1967f#238.845#239.14
807	?	?	PUNCT	_	_	_	_	_	@rml1967f-words#@rml1967f#239.14#239.437
808	нет-нет-нет	нет-нет	PART	_	Polarity=Neg	_	_	_	@rml1967f-words#@rml1967f#245.41#245.893
809	я	я	PRON	_	Case=Nom|Number=Sing|Person=1	_	_	_	@rml1967f-words#@rml1967f#245.893#246.376
810	уважаю	уважать	VERB	_	Aspect=Imp|Mood=Ind|Number=Sing|Person=1|Tense=Pres|VerbForm=Fin|Voice=Act	_	_	_	@rml1967f-words#@rml1967f#246.376#246.861
811	как	как	ADV	_	Degree=Pos	_	_	_	@rml1967f-words#@rml1967f#246.965#247.231
812	это	это	PRON	_	Animacy=Inan|Case=Acc|Gender=Neut|Number=Sing	_	_	_	@rml1967f-words#@rml1967f#247.231#247.497
813	уважать	уважать	VERB	_	Aspect=Perf|VerbForm=Inf|Voice=Act	_	_	_	@rml1967f-words#@rml1967f#247.497#247.763
814	чувства	чувство	NOUN	_	Animacy=Inan|Case=Acc|Gender=Neut|Number=Plur	_	_	_	@rml1967f-words#@rml1967f#247.763#248.029
815	верующих	верующий	NOUN	_	Animacy=Anim|Case=Gen|Gender=Masc|Number=Plur	_	_	_	@rml1967f-words#@rml1967f#248.029#248.295
816	я	я	PRON	_	Case=Nom|Number=Sing|Person=1	_	_	_	@rml1967f-words#@rml1967f#248.295#248.561
817	уважаю	уважать	VERB	_	Aspect=Imp|Mood=Ind|Number=Sing|Person=1|Tense=Pres|VerbForm=Fin|Voice=Act	_	_	_	@rml1967f-words#@rml1967f#248.561#248.827
818	чувства	чувство	NOUN	_	Animacy=Inan|Case=Acc|Gender=Neut|Number=Plur	_	_	_	@rml1967f-words#@rml1967f#248.827#249.093
819	неверующих	неверующий	NOUN	_	Animacy=Anim|Case=Gen|Gender=Masc|Number=Plur	_	_	_	@rml1967f-words#@rml1967f#249.093#249.359
820	/	/	PUNCT	_	_	_	_	_	@rml1967f-words#@rml1967f#249.359#249.625
821	да	да	PART	_	_	_	_	_	@rml1967f-words#@rml1967f#250.89#251.211
822	мне	я	PRON	_	Case=Dat|Number=Sing|Person=1	_	_	_	@rml1967f-words#@rml1967f#256.279#256.693
823	кажется	казаться	VERB	_	Aspect=Imp|Mood=Ind|Number=Sing|Person=3|Tense=Pres|VerbForm=Fin|Voice=Mid	_	_	_	@rml1967f-words#@rml1967f#256.693#257.107
824	что	что	SCONJ	_	_	_	_	_	@rml1967f-words#@rml1967f#257.107#257.521
825	да	да	PART	_	_	_	_	_	@rml1967f-words#@rml1967f#257.521#257.935
826	/	/	PUNCT	_	_	_	_	_	@rml1967f-words#@rml1967f#257.935#258.349
827	я	я	PRON	_	Case=Nom|Number=Sing|Person=1	_	_	_	@rml1967f-words#@rml1967f#258.349#258.763
828	ее	она	PRON	_	Case=Gen|Gender=Fem|Number=Sing|Person=3	_	_	_	@rml1967f-words#@rml1967f#258.763#259.177
829	конечно	конечно	ADV	_	Degree=Pos	_	_	_	@rml1967f-words#@rml1967f#259.177#259.591
830	/	/	PUNCT	_	_	_	_	_	@rml1967f-words#@rml1967f#259.591#260.005
831	просто	просто	PART	_	_	_	_	_	@rml1967f-words#@rml1967f#260.005#260.419
832	мне	я	PRON	_	Case=Dat|Number=Sing|Person=1	_	_	_	@rml1967f-words#@rml1967f#260.419#260.833
833	иногда	иногда	ADV	_	Degree=Pos	_	_	_	@rml1967f-words#@rml1967f#260.833#261.247
834	нравится	нравиться	VERB	_	Aspect=Imp|Mood=Ind|Number=Sing|Person=3|Tense=Pres|VerbForm=Fin|Voice=Mid	_	_	_	@rml1967f-words#@rml1967f#261.247#261.661
835	соо	соо	ADV	_	Degree=Pos	_	_	_	@rml1967f-words#@rml1967f#261.661#262.075
836	соединять	соединять	VERB	_	Aspect=Imp|VerbForm=Inf|Voice=Act	_	_	_	@rml1967f-words#@rml1967f#262.075#262.489
837	слова	слово	NOUN	_	Animacy=Inan|Case=Acc|Gender=Neut|Number=Plur	_	_	_	@rml1967f-words#@rml1967f#262.489#262.903
838	и	и	CCONJ	_	_	_	_	_	@rml1967f-words#@rml1967f#262.903#263.317
839	иногда	иногда	ADV	_	Degree=Pos	_	_	_	@rml1967f-words#@rml1967f#263.317#263.731
840	они	они	PRON	_	Case=Nom|Number=Plur|Person=3	_	_	_	@rml1967f-words#@rml1967f#263.731#264.145
841	/	/	PUNCT	_	_	_	_	_	@rml1967f-words#@rml1967f#264.145#264.559
842	просто	просто	PART	_	_	_	_	_	@rml1967f-words#@rml1967f#264.559#264.973
843	красивая	красивый	ADJ	_	Case=Nom|Degree=Pos|Gender=Fem|Number=Sing	_	_	_	@rml1967f-words#@rml1967f#264.973#265.387
844	фраза	фраза	NOUN	_	Animacy=Inan|Case=Nom|Gender=Fem|Number=Sing	_	_	_	@rml1967f-words#@rml1967f#265.387#265.821
845	ну	ну	PART	_	_	_	_	_	@rml1967f-words#@rml1967f#276.09#276.403
846	да	да	PART	_	_	_	_	_	@rml1967f-words#@rml1967f#276.403#276.716
847	это	это	PRON	_	Animacy=Inan|Case=Nom|Gender=Neut|Number=Sing	_	_	_	@rml1967f-words#@rml1967f#276.716#277.029
848	такое	такой	DET	_	Case=Nom|Gender=Neut|Number=Sing	_	_	_	@rml1967f-words#@rml1967f#277.029#277.342
849	слово	слово	NOUN	_	Animacy=Inan|Case=Nom|Gender=Neut|Number=Sing	_	_	_	@rml1967f-words#@rml1967f#277.342#277.655
850	есть	быть	VERB	_	Aspect=Imp|Mood=Ind|Number=Sing|Person=3|Tense=Pres|VerbForm=Fin|Voice=Act	_	_	_	@rml1967f-words#@rml1967f#277.655#277.968
851	/	/	PUNCT	_	_	_	_	_	@rml1967f-words#@rml1967f#277.968#278.281
852	которым	который	PRON	_	Case=Ins	_	_	_	@rml1967f-words#@rml1967f#278.281#278.594
853	мы	мы	PRON	_	Case=Nom|Number=Plur|Person=1	_	_	_	@rml1967f-words#@rml1967f#278.594#278.907
854	называем	называть	VERB	_	Aspect=Imp|Mood=Ind|Number=Plur|Person=1|Tense=Pres|VerbForm=Fin|Voice=Act	_	_	_	@rml1967f-words#@rml1967f#278.907#279.22
855	вот	вот	PART	_	_	_	_	_	@rml1967f-words#@rml1967f#279.22#279.533
856	туда	туда	ADV	_	Degree=Pos	_	_	_	@rml1967f-words#@rml1967f#279.533#279.846
857	переход	переход	NOUN	_	Animacy=Inan|Case=Nom|Gender=Masc|Number=Sing	_	_	_	@rml1967f-words#@rml1967f#279.846#280.159
858	да	да	PART	_	_	_	_	_	@rml1967f-words#@rml1967f#292.3#292.785
859	кстати	кстати	NUM	_	Case=Gen	_	_	_	@rml1967f-words#@rml1967f#292.785#293.27
860	#вздыхает#	#вздыхает#	NOUN	_	Animacy=Inan|Case=Gen|Gender=Fem|Number=Sing	_	_	_	@rml1967f-words#@rml1967f#301.04#301.259
861	ну	ну	PART	_	_	_	_	_	@rml1967f-words#@rml1967f#301.259#301.478
862	плохо	плохо	ADV	_	Degree=Pos	_	_	_	@rml1967f-words#@rml1967f#301.478#301.697
863	я	я	PRON	_	Case=Nom|Number=Sing|Person=1	_	_	_	@rml1967f-words#@rml1967f#301.697#301.916
864	к	к	ADP	_	_	_	_	_	@rml1967f-words#@rml1967f#301.916#302.135
865	ней	она	PRON	_	Case=Dat|Gender=Fem|Number=Sing|Person=3	_	_	_	@rml1967f-words#@rml1967f#302.135#302.354
866	отношусь	относиться	VERB	_	Aspect=Imp|Mood=Ind|Number=Sing|Person=1|Tense=Pres|VerbForm=Fin|Voice=Mid	_	_	_	@rml1967f-words#@rml1967f#302.354#302.573
867	конечно	конечно	ADV	_	Degree=Pos	_	_	_	@rml1967f-words#@rml1967f#302.573#302.796
868	да	да	PART	_	_	_	_	_	@rml1967f-words#@rml1967f#303.08#304.07
869	несправедливый	несправедливый	ADJ	_	Case=Nom|Degree=Pos|Gender=Masc|Number=Sing	_	_	_	@rml1967f-words#@rml1967f#304.07#304.516
870	этот	этот	DET	_	Case=Nom|Gender=Masc|Number=Sing	_	_	_	@rml1967f-words#@rml1967f#304.516#304.962
871	процесс	процесс	NOUN	_	Animacy=Inan|Case=Nom|Gender=Masc|Number=Sing	_	_	_	@rml1967f-words#@rml1967f#304.962#305.408
872	/	/	PUNCT	_	_	_	_	_	@rml1967f-words#@rml1967f#305.408#305.854
873	я	я	PRON	_	Case=Nom|Number=Sing|Person=1	_	_	_	@rml1967f-words#@rml1967f#305.854#306.3
874	считаю	считать	VERB	_	Aspect=Imp|Mood=Ind|Number=Sing|Person=1|Tense=Pres|VerbForm=Fin|Voice=Act	_	_	_	@rml1967f-words#@rml1967f#306.3#306.75
875	потому	потому	ADV	_	Degree=Pos	_	_	_	@rml1967f-words#@rml1967f#308.11#308.134
876	что	что	SCONJ	_	_	_	_	_	@rml1967f-words#@rml1967f#308.134#308.158
877	внутри-то	внутри-то	ADV	_	Degree=Pos	_	_	_	@rml1967f-words#@rml1967f#308.158#308.182
878	мы	мы	PRON	_	Case=Nom|Number=Plur|Person=1	_	_	_	@rml1967f-words#@rml1967f#308.182#308.206
879	не	не	PART	_	_	_	_	_	@rml1967f-words#@rml1967f#308.206#308.23
880	стареем	стареть	VERB	_	Aspect=Imp|Mood=Ind|Number=Plur|Person=1|Tense=Pres|VerbForm=Fin|Voice=Act	_	_	_	@rml1967f-words#@rml1967f#308.23#308.254
881	/	/	PUNCT	_	_	_	_	_	@rml1967f-words#@rml1967f#308.254#308.278
882	для	для	ADP	_	_	_	_	_	@rml1967f-words#@rml1967f#308.278#308.302
883	мужчин	мужчина	NOUN	_	Animacy=Anim|Case=Gen|Gender=Masc|Number=Plur	_	_	_	@rml1967f-words#@rml1967f#308.302#308.326
884	я	я	PRON	_	Case=Nom|Number=Sing|Person=1	_	_	_	@rml1967f-words#@rml1967f#308.326#308.35
885	еще	еще	ADV	_	Degree=Pos	_	_	_	@rml1967f-words#@rml1967f#308.35#308.374
886	туда-сюда	туда-сюда	ADV	_	Degree=Pos	_	_	_	@rml1967f-words#@rml1967f#308.374#308.398
887	соглашусь	согласиться	VERB	_	Aspect=Imp|Mood=Ind|Number=Sing|Person=1|Tense=Pres|VerbForm=Fin|Voice=Mid	_	_	_	@rml1967f-words#@rml1967f#308.398#308.422
888	/	/	PUNCT	_	_	_	_	_	@rml1967f-words#@rml1967f#308.422#308.446
889	/	/	PUNCT	_	_	_	_	_	@rml1967f-words#@rml1967f#308.446#308.47
890	а	а	CCONJ	_	_	_	_	_	@rml1967f-words#@rml1967f#308.47#308.494
891	женщине	женщина	NOUN	_	Animacy=Anim|Case=Dat|Gender=Fem|Number=Sing	_	_	_	@rml1967f-words#@rml1967f#308.494#308.518
892	конечно	конечно	ADV	_	Degree=Pos	_	_	_	@rml1967f-words#@rml1967f#308.518#308.542
893	/	/	PUNCT	_	_	_	_	_	@rml1967f-words#@rml1967f#308.542#308.566
894	/	/	PUNCT	_	_	_	_	_	@rml1967f-words#@rml1967f#308.566#308.59
895	все	весь	DET	_	Case=Nom|Gender=Neut|Number=Sing	_	_	_	@rml1967f-words#@rml1967f#308.59#308.614
896	это	это	PRON	_	Animacy=Inan|Case=Nom|Gender=Neut|Number=Sing	_	_	_	@rml1967f-words#@rml1967f#308.614#308.638
897	драматично	драматичный	ADJ	_	Degree=Pos|Gender=Neut|Number=Sing|Variant=Short	_	_	_	@rml1967f-words#@rml1967f#308.638#308.662
898	/	/	PUNCT	_	_	_	_	_	@rml1967f-words#@rml1967f#308.662#308.686
899	это	это	PRON	_	Animacy=Inan|Case=Acc|Gender=Neut|Number=Sing	_	_	_	@rml1967f-words#@rml1967f#308.686#308.71
900	надо	надо	ADV	_	Degree=Pos	_	_	_	@rml1967f-words#@rml1967f#308.71#308.734
901	как-то	как-то	ADV	_	Degree=Pos	_	_	_	@rml1967f-words#@rml1967f#308.734#308.758
902	принять	принять	VERB	_	Aspect=Perf|VerbForm=Inf|Voice=Act	_	_	_	@rml1967f-words#@rml1967f#308.758#308.782
903	и	и	CCONJ	_	_	_	_	_	@rml1967f-words#@rml1967f#308.782#308.806
904	/	/	PUNCT	_	_	_	_	_	@rml1967f-words#@rml1967f#308.806#308.83
905	идти	идти	VERB	_	Aspect=Imp|VerbForm=Inf|Voice=Act	_	_	_	@rml1967f-words#@rml1967f#308.83#308.854
906	по	по	ADP	_	_	_	_	_	@rml1967f-words#@rml1967f#308.854#308.878
907	этому	этот	DET	_	Case=Dat|Gender=Masc|Number=Sing	_	_	_	@rml1967f-words#@rml1967f#308.878#308.902
908	процессу	процесс	NOUN	_	Animacy=Inan|Case=Dat|Gender=Masc|Number=Sing	_	_	_	@rml1967f-words#@rml1967f#308.902#308.926
909	/	/	PUNCT	_	_	_	_	_	@rml1967f-words#@rml1967f#308.926#308.95
910	но	но	CCONJ	_	_	_	_	_	@rml1967f-words#@rml1967f#308.95#308.974
911	ты	ты	PRON	_	Case=Nom|Number=Sing|Person=2	_	_	_	@rml1967f-words#@rml1967f#308.974#308.998
912	же	же	PART	_	_	_	_	_	@rml1967f-words#@rml1967f#308.998#309.022
913	просто	просто	PART	_	_	_	_	_	@rml1967f-words#@rml1967f#309.022#309.046
914	дряхлеешь	дряхлеть	VERB	_	Aspect=Perf|Mood=Ind|Number=Sing|Person=2|Tense=Fut|VerbForm=Fin|Voice=Act	_	_	_	@rml1967f-words#@rml1967f#309.046#309.07
915	ты	ты	PRON	_	Case=Nom|Number=Sing|Person=2	_	_	_	@rml1967f-words#@rml1967f#309.07#309.094
916	становишься	становиться	VERB	_	Aspect=Imp|Mood=Ind|Number=Sing|Person=2|Tense=Pres|VerbForm=Fin|Voice=Mid	_	_	_	@rml1967f-words#@rml1967f#309.094#309.118
917	усталым	усталый	ADJ	_	Case=Ins|Degree=Pos|Gender=Masc|Number=Sing	_	_	_	@rml1967f-words#@rml1967f#309.118#309.142
918	/	/	PUNCT	_	_	_	_	_	@rml1967f-words#@rml1967f#309.142#309.166
919	но	но	CCONJ	_	_	_	_	_	@rml1967f-words#@rml1967f#309.166#309.19
920	в	в	ADP	_	_	_	_	_	@rml1967f-words#@rml1967f#309.19#309.214
921	тебе	ты	PRON	_	Case=Dat|Number=Sing|Person=2	_	_	_	@rml1967f-words#@rml1967f#309.214#309.238
922	горят	гореть	VERB	_	Aspect=Imp|Mood=Ind|Number=Plur|Person=3|Tense=Pres|VerbForm=Fin|Voice=Act	_	_	_	@rml1967f-words#@rml1967f#309.238#309.262
923	те	тот	DET	_	Case=Nom|Number=Plur	_	_	_	@rml1967f-words#@rml1967f#309.262#309.286
924	же	же	PART	_	_	_	_	_	@rml1967f-words#@rml1967f#309.286#309.31
925	страсти	страсть	NOUN	_	Animacy=Inan|Case=Nom|Gender=Fem|Number=Plur	_	_	_	@rml1967f-words#@rml1967f#309.31#309.334
926	/	/	PUNCT	_	_	_	_	_	@rml1967f-words#@rml1967f#309.334#309.358
927	конечно	конечно	ADV	_	Degree=Pos	_	_	_	@rml1967f-words#@rml1967f#309.358#309.382
928	несправедливо	несправедливо	ADV	_	Degree=Pos	_	_	_	@rml1967f-words#@rml1967f#309.382#309.406
929	это	это	PRON	_	Animacy=Inan|Case=Nom|Gender=Neut|Number=Sing	_	_	_	@rml1967f-words#@rml1967f#309.406#309.43
930	твоя	твой	DET	_	Case=Nom|Gender=Fem|Number=Sing	_	_	_	@rml1967f-words#@rml1967f#309.43#309.454
931	оболочка	оболочка	NOUN	_	Animacy=Inan|Case=Nom|Gender=Fem|Number=Sing	_	_	_	@rml1967f-words#@rml1967f#309.454#309.478
932	стареет	стареть	VERB	_	Aspect=Imp|Mood=Ind|Number=Sing|Person=3|Tense=Pres|VerbForm=Fin|Voice=Act	_	_	_	@rml1967f-words#@rml1967f#309.478#309.502
933	/	/	PUNCT	_	_	_	_	_	@rml1967f-words#@rml1967f#309.502#309.526
934	/	/	PUNCT	_	_	_	_	_	@rml1967f-words#@rml1967f#309.526#309.55
935	проклятая	проклятый	VERB	_	Aspect=Perf|Case=Nom|Gender=Fem|Number=Sing|Tense=Past|VerbForm=Part|Voice=Pass	_	_	_	@rml1967f-words#@rml1967f#309.55#309.62
936	для	для	ADP	_	_	_	_	_	@rml1967f-words#@rml1967f#310.75#311.046
937	мужчин	мужчина	NOUN	_	Animacy=Anim|Case=Gen|Gender=Masc|Number=Plur	_	_	_	@rml1967f-words#@rml1967f#311.046#311.342
938	я	я	PRON	_	Case=Nom|Number=Sing|Person=1	_	_	_	@rml1967f-words#@rml1967f#311.342#311.638
939	еще	еще	ADV	_	Degree=Pos	_	_	_	@rml1967f-words#@rml1967f#311.638#311.934
940	туда-сюда	туда-сюда	ADV	_	Degree=Pos	_	_	_	@rml1967f-words#@rml1967f#311.934#312.23
941	соглашусь	согласиться	VERB	_	Aspect=Imp|Mood=Ind|Number=Sing|Person=1|Tense=Pres|VerbForm=Fin|Voice=Mid	_	_	_	@rml1967f-words#@rml1967f#312.23#312.529
942	а	а	CCONJ	_	_	_	_	_	@rml1967f-words#@rml1967f#313.34#313.692
943	женщине	женщина	NOUN	_	Animacy=Anim|Case=Dat|Gender=Fem|Number=Sing	_	_	_	@rml1967f-words#@rml1967f#313.692#314.044
944	конечно	конечно	ADV	_	Degree=Pos	_	_	_	@rml1967f-words#@rml1967f#314.044#314.396
945	/	/	PUNCT	_	_	_	_	_	@rml1967f-words#@rml1967f#314.396#314.748
946	/	/	PUNCT	_	_	_	_	_	@rml1967f-words#@rml1967f#314.748#315.1
947	все	весь	DET	_	Case=Nom|Gender=Neut|Number=Sing	_	_	_	@rml1967f-words#@rml1967f#315.1#315.452
948	это	это	PRON	_	Animacy=Inan|Case=Nom|Gender=Neut|Number=Sing	_	_	_	@rml1967f-words#@rml1967f#315.452#315.804
949	драматично	драматичный	ADJ	_	Degree=Pos|Gender=Neut|Number=Sing|Variant=Short	_	_	_	@rml1967f-words#@rml1967f#315.804#316.156
950	/	/	PUNCT	_	_	_	_	_	@rml1967f-words#@rml1967f#316.156#316.508
951	это	это	PRON	_	Animacy=Inan|Case=Acc|Gender=Neut|Number=Sing	_	_	_	@rml1967f-words#@rml1967f#316.508#316.86
952	надо	надо	ADV	_	Degree=Pos	_	_	_	@rml1967f-words#@rml1967f#316.86#317.212
953	как-то	как-то	ADV	_	Degree=Pos	_	_	_	@rml1967f-words#@rml1967f#317.212#317.564
954	принять	принять	VERB	_	Aspect=Perf|VerbForm=Inf|Voice=Act	_	_	_	@rml1967f-words#@rml1967f#317.564#317.916
955	и	и	CCONJ	_	_	_	_	_	@rml1967f-words#@rml1967f#317.916#318.268
956	/	/	PUNCT	_	_	_	_	_	@rml1967f-words#@rml1967f#318.268#318.62
957	идти	идти	VERB	_	Aspect=Imp|VerbForm=Inf|Voice=Act	_	_	_	@rml1967f-words#@rml1967f#318.62#318.972
958	по	по	ADP	_	_	_	_	_	@rml1967f-words#@rml1967f#318.972#319.324
959	этому	этот	DET	_	Case=Dat|Gender=Masc|Number=Sing	_	_	_	@rml1967f-words#@rml1967f#319.324#319.676
960	процессу	процесс	NOUN	_	Animacy=Inan|Case=Dat|Gender=Masc|Number=Sing	_	_	_	@rml1967f-words#@rml1967f#319.676#320.028
961	/	/	PUNCT	_	_	_	_	_	@rml1967f-words#@rml1967f#320.028#320.38
962	но	но	CCONJ	_	_	_	_	_	@rml1967f-words#@rml1967f#320.38#320.732
963	ты	ты	PRON	_	Case=Nom|Number=Sing|Person=2	_	_	_	@rml1967f-words#@rml1967f#320.732#321.084
964	же	же	PART	_	_	_	_	_	@rml1967f-words#@rml1967f#321.084#321.436
965	просто	просто	PART	_	_	_	_	_	@rml1967f-words#@rml1967f#321.436#321.788
966	дряхлеешь	дряхлеть	VERB	_	Aspect=Perf|Mood=Ind|Number=Sing|Person=2|Tense=Fut|VerbForm=Fin|Voice=Act	_	_	_	@rml1967f-words#@rml1967f#321.788#322.14
967	ты	ты	PRON	_	Case=Nom|Number=Sing|Person=2	_	_	_	@rml1967f-words#@rml1967f#322.14#322.492
968	становишься	становиться	VERB	_	Aspect=Imp|Mood=Ind|Number=Sing|Person=2|Tense=Pres|VerbForm=Fin|Voice=Mid	_	_	_	@rml1967f-words#@rml1967f#322.492#322.844
969	усталым	усталый	ADJ	_	Case=Ins|Degree=Pos|Gender=Masc|Number=Sing	_	_	_	@rml1967f-words#@rml1967f#322.844#323.196
970	/	/	PUNCT	_	_	_	_	_	@rml1967f-words#@rml1967f#323.196#323.548
971	но	но	CCONJ	_	_	_	_	_	@rml1967f-words#@rml1967f#323.548#323.9
972	в	в	ADP	_	_	_	_	_	@rml1967f-words#@rml1967f#323.9#324.252
973	тебе	ты	PRON	_	Case=Dat|Number=Sing|Person=2	_	_	_	@rml1967f-words#@rml1967f#324.252#324.604
974	горят	гореть	VERB	_	Aspect=Imp|Mood=Ind|Number=Plur|Person=3|Tense=Pres|VerbForm=Fin|Voice=Act	_	_	_	@rml1967f-words#@rml1967f#324.604#324.956
975	те	тот	DET	_	Case=Nom|Number=Plur	_	_	_	@rml1967f-words#@rml1967f#324.956#325.308
976	же	же	PART	_	_	_	_	_	@rml1967f-words#@rml1967f#325.308#325.66
977	страсти	страсть	NOUN	_	Animacy=Inan|Case=Nom|Gender=Fem|Number=Plur	_	_	_	@rml1967f-words#@rml1967f#325.66#326.012
978	/	/	PUNCT	_	_	_	_	_	@rml1967f-words#@rml1967f#326.012#326.364
979	конечно	конечно	ADV	_	Degree=Pos	_	_	_	@rml1967f-words#@rml1967f#326.364#326.716
980	несправедливо	несправедливо	ADV	_	Degree=Pos	_	_	_	@rml1967f-words#@rml1967f#326.716#327.068
981	это	это	PRON	_	Animacy=Inan|Case=Nom|Gender=Neut|Number=Sing	_	_	_	@rml1967f-words#@rml1967f#327.068#327.42
982	твоя	твой	DET	_	Case=Nom|Gender=Fem|Number=Sing	_	_	_	@rml1967f-words#@rml1967f#327.42#327.772
983	оболочка	оболочка	NOUN	_	Animacy=Inan|Case=Nom|Gender=Fem|Number=Sing	_	_	_	@rml1967f-words#@rml1967f#327.772#328.124
984	стареет	стареть	VERB	_	Aspect=Imp|Mood=Ind|Number=Sing|Person=3|Tense=Pres|VerbForm=Fin|Voice=Act	_	_	_	@rml1967f-words#@rml1967f#328.124#328.513
985	проклятая	проклятать	VERB	_	Aspect=Perf|Case=Nom|Gender=Fem|Number=Sing|Tense=Past|VerbForm=Part|Voice=Pass	_	_	_	@rml1967f-words#@rml1967f#329.08#329.897
986	так	так	ADV	_	Degree=Pos	_	_	_	@rml1967f-words#@rml1967f#330.75#331.007
987	что	что	SCONJ	_	_	_	_	_	@rml1967f-words#@rml1967f#331.007#331.264
988	в	в	ADP	_	_	_	_	_	@rml1967f-words#@rml1967f#331.264#331.521

